TRAAAAK128F9318786	A/A/A/TRAAAAK128F9318786.mp3
TRAAAAW128F429D538	A/A/A/TRAAAAW128F429D538.mp3
TRAAABD128F429CF47	A/A/A/TRAAABD128F429CF47.mp3
TRAAADJ128F4287B47	A/A/A/TRAAADJ128F4287B47.mp3
TRAAAED128E0783FAB	A/A/A/TRAAAED128E0783FAB.mp3
TRAAAEF128F4273421	A/A/A/TRAAAEF128F4273421.mp3
TRAAAFD128F92F423A	A/A/A/TRAAAFD128F92F423A.mp3
TRAAAGR128F425B14B	A/A/A/TRAAAGR128F425B14B.mp3
TRAAAIC128F14A5138	A/A/A/TRAAAIC128F14A5138.mp3
TRAAAIR128F1480971	A/A/A/TRAAAIR128F1480971.mp3
TRYOGXX128F42483A6	Y/O/G/TRYOGXX128F42483A6.mp3
TRYOHDO128F42669A4	Y/O/H/TRYOHDO128F42669A4.mp3
TRYOHDQ12903CB277E	Y/O/H/TRYOHDQ12903CB277E.mp3
TRYOHGA128F92F6CDB	Y/O/H/TRYOHGA128F92F6CDB.mp3
TRYOHKS128F92FDDA1	Y/O/H/TRYOHKS128F92FDDA1.mp3
TRYOHMV128F931C24C	Y/O/H/TRYOHMV128F931C24C.mp3
TRYOHOA128F934AEB7	Y/O/H/TRYOHOA128F934AEB7.mp3
TRYOHTE128F148C675	Y/O/H/TRYOHTE128F148C675.mp3
TRYOHUR128F427AE90	Y/O/H/TRYOHUR128F427AE90.mp3
TRYOIAF128F4281240	Y/O/I/TRYOIAF128F4281240.mp3
TRZZRTG128F936184E	Z/Z/R/TRZZRTG128F936184E.mp3
TRZZSEL128F92DEF79	Z/Z/S/TRZZSEL128F92DEF79.mp3
TRZZTGG128F421A8C0	Z/Z/T/TRZZTGG128F421A8C0.mp3
TRZZUEN12903C954F7	Z/Z/U/TRZZUEN12903C954F7.mp3
TRZZUTD12903CADD68	Z/Z/U/TRZZUTD12903CADD68.mp3
TRZZWEM128F428BD9A	Z/Z/W/TRZZWEM128F428BD9A.mp3
TRZZXFY128F9342D0E	Z/Z/X/TRZZXFY128F9342D0E.mp3
TRZZXIR128F9308AD4	Z/Z/X/TRZZXIR128F9308AD4.mp3
TRZZXOQ128F932A083	Z/Z/X/TRZZXOQ128F932A083.mp3
TRZZZZD128F4236844	Z/Z/Z/TRZZZZD128F4236844.mp3
