234	[1.0, 0.0, 0.0, 0.0, 0.0, 0.0, 0.0]
235	[1.0, 0.0, 0.0, 0.0, 0.0, 0.0, 0.0]
236	[1.0, 0.0, 0.0, 0.0, 0.0, 0.0, 0.0]
237	[1.0, 0.0, 0.0, 0.0, 0.0, 0.0, 0.0]
238	[1.0, 0.0, 0.0, 0.0, 0.0, 0.0, 0.0]
239	[1.0, 0.0, 0.0, 0.0, 0.0, 0.0, 0.0]
240	[1.0, 0.0, 0.0, 0.0, 0.0, 0.0, 0.0]
241	[1.0, 0.0, 0.0, 0.0, 0.0, 0.0, 0.0]
242	[1.0, 0.0, 0.0, 0.0, 0.0, 0.0, 0.0]
243	[1.0, 0.0, 0.0, 0.0, 0.0, 0.0, 0.0]
244	[1.0, 0.0, 0.0, 0.0, 0.0, 0.0, 0.0]
245	[1.0, 0.0, 0.0, 0.0, 0.0, 0.0, 0.0]
246	[1.0, 0.0, 0.0, 0.0, 0.0, 0.0, 0.0]
247	[1.0, 0.0, 0.0, 0.0, 0.0, 0.0, 0.0]
248	[1.0, 0.0, 0.0, 0.0, 0.0, 0.0, 0.0]
249	[1.0, 0.0, 0.0, 0.0, 0.0, 0.0, 0.0]
250	[1.0, 0.0, 0.0, 0.0, 0.0, 0.0, 0.0]
251	[1.0, 0.0, 0.0, 0.0, 0.0, 0.0, 0.0]
252	[1.0, 0.0, 0.0, 0.0, 0.0, 0.0, 0.0]
253	[1.0, 0.0, 0.0, 0.0, 0.0, 0.0, 0.0]
254	[1.0, 0.0, 0.0, 0.0, 0.0, 0.0, 0.0]
255	[1.0, 0.0, 0.0, 0.0, 0.0, 0.0, 0.0]
256	[1.0, 0.0, 0.0, 0.0, 0.0, 0.0, 0.0]
257	[1.0, 0.0, 0.0, 0.0, 0.0, 0.0, 0.0]
258	[1.0, 0.0, 0.0, 0.0, 0.0, 0.0, 0.0]
259	[1.0, 0.0, 0.0, 0.0, 0.0, 0.0, 0.0]
260	[1.0, 0.0, 0.0, 0.0, 0.0, 0.0, 0.0]
261	[1.0, 0.0, 0.0, 0.0, 0.0, 0.0, 0.0]
262	[1.0, 0.0, 0.0, 0.0, 0.0, 0.0, 0.0]
263	[1.0, 0.0, 0.0, 0.0, 0.0, 0.0, 0.0]
264	[1.0, 0.0, 0.0, 0.0, 0.0, 0.0, 0.0]
265	[1.0, 0.0, 0.0, 0.0, 0.0, 0.0, 0.0]
266	[1.0, 0.0, 0.0, 0.0, 0.0, 0.0, 0.0]
267	[1.0, 0.0, 0.0, 0.0, 0.0, 0.0, 0.0]
268	[1.0, 0.0, 0.0, 0.0, 0.0, 0.0, 0.0]
269	[1.0, 0.0, 0.0, 0.0, 0.0, 0.0, 0.0]
270	[1.0, 0.0, 0.0, 0.0, 0.0, 0.0, 0.0]
271	[1.0, 0.0, 0.0, 0.0, 0.0, 0.0, 0.0]
272	[1.0, 0.0, 0.0, 0.0, 0.0, 0.0, 0.0]
273	[1.0, 0.0, 0.0, 0.0, 0.0, 0.0, 0.0]
274	[1.0, 0.0, 0.0, 0.0, 0.0, 0.0, 0.0]
275	[1.0, 0.0, 0.0, 0.0, 0.0, 0.0, 0.0]
276	[1.0, 0.0, 0.0, 0.0, 0.0, 0.0, 0.0]
277	[1.0, 0.0, 0.0, 0.0, 0.0, 0.0, 0.0]
278	[1.0, 0.0, 0.0, 0.0, 0.0, 0.0, 0.0]
279	[1.0, 0.0, 0.0, 0.0, 0.0, 0.0, 0.0]
280	[1.0, 0.0, 0.0, 0.0, 0.0, 0.0, 0.0]
281	[1.0, 0.0, 0.0, 0.0, 0.0, 0.0, 0.0]
282	[1.0, 0.0, 0.0, 0.0, 0.0, 0.0, 0.0]
283	[1.0, 0.0, 0.0, 0.0, 0.0, 0.0, 0.0]
284	[1.0, 0.0, 0.0, 0.0, 0.0, 0.0, 0.0]
285	[1.0, 0.0, 0.0, 0.0, 0.0, 0.0, 0.0]
286	[1.0, 0.0, 0.0, 0.0, 0.0, 0.0, 0.0]
287	[1.0, 0.0, 0.0, 0.0, 0.0, 0.0, 0.0]
288	[1.0, 0.0, 0.0, 0.0, 0.0, 0.0, 0.0]
289	[1.0, 0.0, 0.0, 0.0, 0.0, 0.0, 0.0]
290	[1.0, 0.0, 0.0, 0.0, 0.0, 0.0, 0.0]
291	[1.0, 0.0, 0.0, 0.0, 0.0, 0.0, 0.0]
292	[1.0, 0.0, 0.0, 0.0, 0.0, 0.0, 0.0]
293	[1.0, 0.0, 0.0, 0.0, 0.0, 0.0, 0.0]
294	[1.0, 0.0, 0.0, 0.0, 0.0, 0.0, 0.0]
295	[1.0, 0.0, 0.0, 0.0, 0.0, 0.0, 0.0]
296	[1.0, 0.0, 0.0, 0.0, 0.0, 0.0, 0.0]
297	[1.0, 0.0, 0.0, 0.0, 0.0, 0.0, 0.0]
298	[1.0, 0.0, 0.0, 0.0, 0.0, 0.0, 0.0]
299	[1.0, 0.0, 0.0, 0.0, 0.0, 0.0, 0.0]
300	[1.0, 0.0, 0.0, 0.0, 0.0, 0.0, 0.0]
301	[1.0, 0.0, 0.0, 0.0, 0.0, 0.0, 0.0]
302	[1.0, 0.0, 0.0, 0.0, 0.0, 0.0, 0.0]
303	[1.0, 0.0, 0.0, 0.0, 0.0, 0.0, 0.0]
304	[1.0, 0.0, 0.0, 0.0, 0.0, 0.0, 0.0]
305	[1.0, 0.0, 0.0, 0.0, 0.0, 0.0, 0.0]
306	[1.0, 0.0, 0.0, 0.0, 0.0, 0.0, 0.0]
307	[1.0, 0.0, 0.0, 0.0, 0.0, 0.0, 0.0]
308	[1.0, 0.0, 0.0, 0.0, 0.0, 0.0, 0.0]
309	[1.0, 0.0, 0.0, 0.0, 0.0, 0.0, 0.0]
310	[1.0, 0.0, 0.0, 0.0, 0.0, 0.0, 0.0]
311	[1.0, 0.0, 0.0, 0.0, 0.0, 0.0, 0.0]
312	[1.0, 0.0, 0.0, 0.0, 0.0, 0.0, 0.0]
313	[1.0, 0.0, 0.0, 0.0, 0.0, 0.0, 0.0]
314	[1.0, 0.0, 0.0, 0.0, 0.0, 0.0, 0.0]
315	[1.0, 0.0, 0.0, 0.0, 0.0, 0.0, 0.0]
316	[1.0, 0.0, 0.0, 0.0, 0.0, 0.0, 0.0]
317	[1.0, 0.0, 0.0, 0.0, 0.0, 0.0, 0.0]
318	[1.0, 0.0, 0.0, 0.0, 0.0, 0.0, 0.0]
319	[1.0, 0.0, 0.0, 0.0, 0.0, 0.0, 0.0]
320	[1.0, 0.0, 0.0, 0.0, 0.0, 0.0, 0.0]
321	[1.0, 0.0, 0.0, 0.0, 0.0, 0.0, 0.0]
322	[1.0, 0.0, 0.0, 0.0, 0.0, 0.0, 0.0]
323	[1.0, 0.0, 0.0, 0.0, 0.0, 0.0, 0.0]
324	[1.0, 0.0, 0.0, 0.0, 0.0, 0.0, 0.0]
325	[1.0, 0.0, 0.0, 0.0, 0.0, 0.0, 0.0]
326	[1.0, 0.0, 0.0, 0.0, 0.0, 0.0, 0.0]
327	[1.0, 0.0, 0.0, 0.0, 0.0, 0.0, 0.0]
328	[1.0, 0.0, 0.0, 0.0, 0.0, 0.0, 0.0]
329	[1.0, 0.0, 0.0, 0.0, 0.0, 0.0, 0.0]
330	[1.0, 0.0, 0.0, 0.0, 0.0, 0.0, 0.0]
331	[1.0, 0.0, 0.0, 0.0, 0.0, 0.0, 0.0]
332	[1.0, 0.0, 0.0, 0.0, 0.0, 0.0, 0.0]
333	[1.0, 0.0, 0.0, 0.0, 0.0, 0.0, 0.0]
334	[1.0, 0.0, 0.0, 0.0, 0.0, 0.0, 0.0]
335	[1.0, 0.0, 0.0, 0.0, 0.0, 0.0, 0.0]
336	[1.0, 0.0, 0.0, 0.0, 0.0, 0.0, 0.0]
337	[1.0, 0.0, 0.0, 0.0, 0.0, 0.0, 0.0]
338	[1.0, 0.0, 0.0, 0.0, 0.0, 0.0, 0.0]
339	[1.0, 0.0, 0.0, 0.0, 0.0, 0.0, 0.0]
340	[1.0, 0.0, 0.0, 0.0, 0.0, 0.0, 0.0]
341	[1.0, 0.0, 0.0, 0.0, 0.0, 0.0, 0.0]
342	[1.0, 0.0, 0.0, 0.0, 0.0, 0.0, 0.0]
343	[1.0, 0.0, 0.0, 0.0, 0.0, 0.0, 0.0]
344	[1.0, 0.0, 0.0, 0.0, 0.0, 0.0, 0.0]
345	[1.0, 0.0, 0.0, 0.0, 0.0, 0.0, 0.0]
346	[1.0, 0.0, 0.0, 0.0, 0.0, 0.0, 0.0]
347	[1.0, 0.0, 0.0, 0.0, 0.0, 0.0, 0.0]
348	[1.0, 0.0, 0.0, 0.0, 0.0, 0.0, 0.0]
349	[1.0, 0.0, 0.0, 0.0, 0.0, 0.0, 0.0]
350	[1.0, 0.0, 0.0, 0.0, 0.0, 0.0, 0.0]
351	[1.0, 0.0, 0.0, 0.0, 0.0, 0.0, 0.0]
352	[1.0, 0.0, 0.0, 0.0, 0.0, 0.0, 0.0]
353	[1.0, 0.0, 0.0, 0.0, 0.0, 0.0, 0.0]
354	[1.0, 0.0, 0.0, 0.0, 0.0, 0.0, 0.0]
355	[1.0, 0.0, 0.0, 0.0, 0.0, 0.0, 0.0]
356	[1.0, 0.0, 0.0, 0.0, 0.0, 0.0, 0.0]
357	[1.0, 0.0, 0.0, 0.0, 0.0, 0.0, 0.0]
358	[1.0, 0.0, 0.0, 0.0, 0.0, 0.0, 0.0]
359	[1.0, 0.0, 0.0, 0.0, 0.0, 0.0, 0.0]
360	[1.0, 0.0, 0.0, 0.0, 0.0, 0.0, 0.0]
361	[1.0, 0.0, 0.0, 0.0, 0.0, 0.0, 0.0]
362	[1.0, 0.0, 0.0, 0.0, 0.0, 0.0, 0.0]
363	[1.0, 0.0, 0.0, 0.0, 0.0, 0.0, 0.0]
364	[1.0, 0.0, 0.0, 0.0, 0.0, 0.0, 0.0]
365	[1.0, 0.0, 0.0, 0.0, 0.0, 0.0, 0.0]
366	[1.0, 0.0, 0.0, 0.0, 0.0, 0.0, 0.0]
367	[1.0, 0.0, 0.0, 0.0, 0.0, 0.0, 0.0]
368	[1.0, 0.0, 0.0, 0.0, 0.0, 0.0, 0.0]
369	[1.0, 0.0, 0.0, 0.0, 0.0, 0.0, 0.0]
370	[1.0, 0.0, 0.0, 0.0, 0.0, 0.0, 0.0]
371	[1.0, 0.0, 0.0, 0.0, 0.0, 0.0, 0.0]
372	[1.0, 0.0, 0.0, 0.0, 0.0, 0.0, 0.0]
373	[1.0, 0.0, 0.0, 0.0, 0.0, 0.0, 0.0]
374	[1.0, 0.0, 0.0, 0.0, 0.0, 0.0, 0.0]
375	[1.0, 0.0, 0.0, 0.0, 0.0, 0.0, 0.0]
376	[1.0, 0.0, 0.0, 0.0, 0.0, 0.0, 0.0]
377	[1.0, 0.0, 0.0, 0.0, 0.0, 0.0, 0.0]
378	[1.0, 0.0, 0.0, 0.0, 0.0, 0.0, 0.0]
379	[1.0, 0.0, 0.0, 0.0, 0.0, 0.0, 0.0]
380	[1.0, 0.0, 0.0, 0.0, 0.0, 0.0, 0.0]
381	[1.0, 0.0, 0.0, 0.0, 0.0, 0.0, 0.0]
382	[1.0, 0.0, 0.0, 0.0, 0.0, 0.0, 0.0]
383	[1.0, 0.0, 0.0, 0.0, 0.0, 0.0, 0.0]
384	[1.0, 0.0, 0.0, 0.0, 0.0, 0.0, 0.0]
385	[1.0, 0.0, 0.0, 0.0, 0.0, 0.0, 0.0]
386	[1.0, 0.0, 0.0, 0.0, 0.0, 0.0, 0.0]
387	[1.0, 0.0, 0.0, 0.0, 0.0, 0.0, 0.0]
388	[1.0, 0.0, 0.0, 0.0, 0.0, 0.0, 0.0]
389	[1.0, 0.0, 0.0, 0.0, 0.0, 0.0, 0.0]
390	[1.0, 0.0, 0.0, 0.0, 0.0, 0.0, 0.0]
391	[1.0, 0.0, 0.0, 0.0, 0.0, 0.0, 0.0]
392	[1.0, 0.0, 0.0, 0.0, 0.0, 0.0, 0.0]
393	[1.0, 0.0, 0.0, 0.0, 0.0, 0.0, 0.0]
394	[1.0, 0.0, 0.0, 0.0, 0.0, 0.0, 0.0]
395	[1.0, 0.0, 0.0, 0.0, 0.0, 0.0, 0.0]
396	[1.0, 0.0, 0.0, 0.0, 0.0, 0.0, 0.0]
397	[1.0, 0.0, 0.0, 0.0, 0.0, 0.0, 0.0]
398	[1.0, 0.0, 0.0, 0.0, 0.0, 0.0, 0.0]
399	[1.0, 0.0, 0.0, 0.0, 0.0, 0.0, 0.0]
400	[1.0, 0.0, 0.0, 0.0, 0.0, 0.0, 0.0]
401	[1.0, 0.0, 0.0, 0.0, 0.0, 0.0, 0.0]
402	[1.0, 0.0, 0.0, 0.0, 0.0, 0.0, 0.0]
403	[1.0, 0.0, 0.0, 0.0, 0.0, 0.0, 0.0]
404	[1.0, 0.0, 0.0, 0.0, 0.0, 0.0, 0.0]
405	[1.0, 0.0, 0.0, 0.0, 0.0, 0.0, 0.0]
406	[1.0, 0.0, 0.0, 0.0, 0.0, 0.0, 0.0]
407	[1.0, 0.0, 0.0, 0.0, 0.0, 0.0, 0.0]
408	[1.0, 0.0, 0.0, 0.0, 0.0, 0.0, 0.0]
409	[1.0, 0.0, 0.0, 0.0, 0.0, 0.0, 0.0]
410	[1.0, 0.0, 0.0, 0.0, 0.0, 0.0, 0.0]
411	[1.0, 0.0, 0.0, 0.0, 0.0, 0.0, 0.0]
412	[1.0, 0.0, 0.0, 0.0, 0.0, 0.0, 0.0]
413	[1.0, 0.0, 0.0, 0.0, 0.0, 0.0, 0.0]
414	[1.0, 0.0, 0.0, 0.0, 0.0, 0.0, 0.0]
415	[1.0, 0.0, 0.0, 0.0, 0.0, 0.0, 0.0]
416	[1.0, 0.0, 0.0, 0.0, 0.0, 0.0, 0.0]
417	[1.0, 0.0, 0.0, 0.0, 0.0, 0.0, 0.0]
418	[1.0, 0.0, 0.0, 0.0, 0.0, 0.0, 0.0]
419	[1.0, 0.0, 0.0, 0.0, 0.0, 0.0, 0.0]
420	[1.0, 0.0, 0.0, 0.0, 0.0, 0.0, 0.0]
421	[1.0, 0.0, 0.0, 0.0, 0.0, 0.0, 0.0]
422	[1.0, 0.0, 0.0, 0.0, 0.0, 0.0, 0.0]
423	[1.0, 0.0, 0.0, 0.0, 0.0, 0.0, 0.0]
424	[1.0, 0.0, 0.0, 0.0, 0.0, 0.0, 0.0]
425	[1.0, 0.0, 0.0, 0.0, 0.0, 0.0, 0.0]
426	[1.0, 0.0, 0.0, 0.0, 0.0, 0.0, 0.0]
427	[1.0, 0.0, 0.0, 0.0, 0.0, 0.0, 0.0]
428	[1.0, 0.0, 0.0, 0.0, 0.0, 0.0, 0.0]
429	[1.0, 0.0, 0.0, 0.0, 0.0, 0.0, 0.0]
430	[1.0, 0.0, 0.0, 0.0, 0.0, 0.0, 0.0]
431	[1.0, 0.0, 0.0, 0.0, 0.0, 0.0, 0.0]
432	[1.0, 0.0, 0.0, 0.0, 0.0, 0.0, 0.0]
433	[1.0, 0.0, 0.0, 0.0, 0.0, 0.0, 0.0]
434	[1.0, 0.0, 0.0, 0.0, 0.0, 0.0, 0.0]
435	[1.0, 0.0, 0.0, 0.0, 0.0, 0.0, 0.0]
436	[1.0, 0.0, 0.0, 0.0, 0.0, 0.0, 0.0]
437	[1.0, 0.0, 0.0, 0.0, 0.0, 0.0, 0.0]
438	[1.0, 0.0, 0.0, 0.0, 0.0, 0.0, 0.0]
439	[1.0, 0.0, 0.0, 0.0, 0.0, 0.0, 0.0]
440	[1.0, 0.0, 0.0, 0.0, 0.0, 0.0, 0.0]
441	[1.0, 0.0, 0.0, 0.0, 0.0, 0.0, 0.0]
442	[1.0, 0.0, 0.0, 0.0, 0.0, 0.0, 0.0]
443	[1.0, 0.0, 0.0, 0.0, 0.0, 0.0, 0.0]
444	[1.0, 0.0, 0.0, 0.0, 0.0, 0.0, 0.0]
445	[1.0, 0.0, 0.0, 0.0, 0.0, 0.0, 0.0]
446	[1.0, 0.0, 0.0, 0.0, 0.0, 0.0, 0.0]
447	[1.0, 0.0, 0.0, 0.0, 0.0, 0.0, 0.0]
448	[1.0, 0.0, 0.0, 0.0, 0.0, 0.0, 0.0]
449	[1.0, 0.0, 0.0, 0.0, 0.0, 0.0, 0.0]
450	[1.0, 0.0, 0.0, 0.0, 0.0, 0.0, 0.0]
451	[1.0, 0.0, 0.0, 0.0, 0.0, 0.0, 0.0]
452	[1.0, 0.0, 0.0, 0.0, 0.0, 0.0, 0.0]
453	[1.0, 0.0, 0.0, 0.0, 0.0, 0.0, 0.0]
454	[1.0, 0.0, 0.0, 0.0, 0.0, 0.0, 0.0]
455	[1.0, 0.0, 0.0, 0.0, 0.0, 0.0, 0.0]
456	[1.0, 0.0, 0.0, 0.0, 0.0, 0.0, 0.0]
457	[1.0, 0.0, 0.0, 0.0, 0.0, 0.0, 0.0]
458	[1.0, 0.0, 0.0, 0.0, 0.0, 0.0, 0.0]
459	[1.0, 0.0, 0.0, 0.0, 0.0, 0.0, 0.0]
460	[1.0, 0.0, 0.0, 0.0, 0.0, 0.0, 0.0]
461	[1.0, 0.0, 0.0, 0.0, 0.0, 0.0, 0.0]
462	[1.0, 0.0, 0.0, 0.0, 0.0, 0.0, 0.0]
463	[1.0, 0.0, 0.0, 0.0, 0.0, 0.0, 0.0]
464	[1.0, 0.0, 0.0, 0.0, 0.0, 0.0, 0.0]
465	[1.0, 0.0, 0.0, 0.0, 0.0, 0.0, 0.0]
466	[1.0, 0.0, 0.0, 0.0, 0.0, 0.0, 0.0]
467	[1.0, 0.0, 0.0, 0.0, 0.0, 0.0, 0.0]
1638	[0.0, 1.0, 0.0, 0.0, 0.0, 0.0, 0.0]
1639	[0.0, 1.0, 0.0, 0.0, 0.0, 0.0, 0.0]
1640	[0.0, 1.0, 0.0, 0.0, 0.0, 0.0, 0.0]
1641	[0.0, 1.0, 0.0, 0.0, 0.0, 0.0, 0.0]
1642	[0.0, 1.0, 0.0, 0.0, 0.0, 0.0, 0.0]
1643	[0.0, 1.0, 0.0, 0.0, 0.0, 0.0, 0.0]
1644	[0.0, 1.0, 0.0, 0.0, 0.0, 0.0, 0.0]
1645	[0.0, 1.0, 0.0, 0.0, 0.0, 0.0, 0.0]
1646	[0.0, 1.0, 0.0, 0.0, 0.0, 0.0, 0.0]
1647	[0.0, 1.0, 0.0, 0.0, 0.0, 0.0, 0.0]
1648	[0.0, 1.0, 0.0, 0.0, 0.0, 0.0, 0.0]
1649	[0.0, 1.0, 0.0, 0.0, 0.0, 0.0, 0.0]
1650	[0.0, 1.0, 0.0, 0.0, 0.0, 0.0, 0.0]
1651	[0.0, 1.0, 0.0, 0.0, 0.0, 0.0, 0.0]
1652	[0.0, 1.0, 0.0, 0.0, 0.0, 0.0, 0.0]
1653	[0.0, 1.0, 0.0, 0.0, 0.0, 0.0, 0.0]
1654	[0.0, 1.0, 0.0, 0.0, 0.0, 0.0, 0.0]
1655	[0.0, 1.0, 0.0, 0.0, 0.0, 0.0, 0.0]
1656	[0.0, 1.0, 0.0, 0.0, 0.0, 0.0, 0.0]
1657	[0.0, 1.0, 0.0, 0.0, 0.0, 0.0, 0.0]
1658	[0.0, 1.0, 0.0, 0.0, 0.0, 0.0, 0.0]
1659	[0.0, 1.0, 0.0, 0.0, 0.0, 0.0, 0.0]
1660	[0.0, 1.0, 0.0, 0.0, 0.0, 0.0, 0.0]
1661	[0.0, 1.0, 0.0, 0.0, 0.0, 0.0, 0.0]
1662	[0.0, 1.0, 0.0, 0.0, 0.0, 0.0, 0.0]
1663	[0.0, 1.0, 0.0, 0.0, 0.0, 0.0, 0.0]
1664	[0.0, 1.0, 0.0, 0.0, 0.0, 0.0, 0.0]
1665	[0.0, 1.0, 0.0, 0.0, 0.0, 0.0, 0.0]
1666	[0.0, 1.0, 0.0, 0.0, 0.0, 0.0, 0.0]
1667	[0.0, 1.0, 0.0, 0.0, 0.0, 0.0, 0.0]
1668	[0.0, 1.0, 0.0, 0.0, 0.0, 0.0, 0.0]
1669	[0.0, 1.0, 0.0, 0.0, 0.0, 0.0, 0.0]
1670	[0.0, 1.0, 0.0, 0.0, 0.0, 0.0, 0.0]
1671	[0.0, 1.0, 0.0, 0.0, 0.0, 0.0, 0.0]
1672	[0.0, 1.0, 0.0, 0.0, 0.0, 0.0, 0.0]
1673	[0.0, 1.0, 0.0, 0.0, 0.0, 0.0, 0.0]
1674	[0.0, 1.0, 0.0, 0.0, 0.0, 0.0, 0.0]
1675	[0.0, 1.0, 0.0, 0.0, 0.0, 0.0, 0.0]
1676	[0.0, 1.0, 0.0, 0.0, 0.0, 0.0, 0.0]
1677	[0.0, 1.0, 0.0, 0.0, 0.0, 0.0, 0.0]
1678	[0.0, 1.0, 0.0, 0.0, 0.0, 0.0, 0.0]
1679	[0.0, 1.0, 0.0, 0.0, 0.0, 0.0, 0.0]
1680	[0.0, 1.0, 0.0, 0.0, 0.0, 0.0, 0.0]
1681	[0.0, 1.0, 0.0, 0.0, 0.0, 0.0, 0.0]
1682	[0.0, 1.0, 0.0, 0.0, 0.0, 0.0, 0.0]
1683	[0.0, 1.0, 0.0, 0.0, 0.0, 0.0, 0.0]
1684	[0.0, 1.0, 0.0, 0.0, 0.0, 0.0, 0.0]
1685	[0.0, 1.0, 0.0, 0.0, 0.0, 0.0, 0.0]
1686	[0.0, 1.0, 0.0, 0.0, 0.0, 0.0, 0.0]
1687	[0.0, 1.0, 0.0, 0.0, 0.0, 0.0, 0.0]
1688	[0.0, 1.0, 0.0, 0.0, 0.0, 0.0, 0.0]
1689	[0.0, 1.0, 0.0, 0.0, 0.0, 0.0, 0.0]
1690	[0.0, 1.0, 0.0, 0.0, 0.0, 0.0, 0.0]
1691	[0.0, 1.0, 0.0, 0.0, 0.0, 0.0, 0.0]
1692	[0.0, 1.0, 0.0, 0.0, 0.0, 0.0, 0.0]
1693	[0.0, 1.0, 0.0, 0.0, 0.0, 0.0, 0.0]
1694	[0.0, 1.0, 0.0, 0.0, 0.0, 0.0, 0.0]
1695	[0.0, 1.0, 0.0, 0.0, 0.0, 0.0, 0.0]
1696	[0.0, 1.0, 0.0, 0.0, 0.0, 0.0, 0.0]
1697	[0.0, 1.0, 0.0, 0.0, 0.0, 0.0, 0.0]
1698	[0.0, 1.0, 0.0, 0.0, 0.0, 0.0, 0.0]
1699	[0.0, 1.0, 0.0, 0.0, 0.0, 0.0, 0.0]
1700	[0.0, 1.0, 0.0, 0.0, 0.0, 0.0, 0.0]
1701	[0.0, 1.0, 0.0, 0.0, 0.0, 0.0, 0.0]
1702	[0.0, 1.0, 0.0, 0.0, 0.0, 0.0, 0.0]
1703	[0.0, 1.0, 0.0, 0.0, 0.0, 0.0, 0.0]
1704	[0.0, 1.0, 0.0, 0.0, 0.0, 0.0, 0.0]
1705	[0.0, 1.0, 0.0, 0.0, 0.0, 0.0, 0.0]
1706	[0.0, 1.0, 0.0, 0.0, 0.0, 0.0, 0.0]
1707	[0.0, 1.0, 0.0, 0.0, 0.0, 0.0, 0.0]
1708	[0.0, 1.0, 0.0, 0.0, 0.0, 0.0, 0.0]
1709	[0.0, 1.0, 0.0, 0.0, 0.0, 0.0, 0.0]
1710	[0.0, 1.0, 0.0, 0.0, 0.0, 0.0, 0.0]
1711	[0.0, 1.0, 0.0, 0.0, 0.0, 0.0, 0.0]
1712	[0.0, 1.0, 0.0, 0.0, 0.0, 0.0, 0.0]
1713	[0.0, 1.0, 0.0, 0.0, 0.0, 0.0, 0.0]
1714	[0.0, 1.0, 0.0, 0.0, 0.0, 0.0, 0.0]
1715	[0.0, 1.0, 0.0, 0.0, 0.0, 0.0, 0.0]
1716	[0.0, 1.0, 0.0, 0.0, 0.0, 0.0, 0.0]
1717	[0.0, 1.0, 0.0, 0.0, 0.0, 0.0, 0.0]
1718	[0.0, 1.0, 0.0, 0.0, 0.0, 0.0, 0.0]
1719	[0.0, 1.0, 0.0, 0.0, 0.0, 0.0, 0.0]
1720	[0.0, 1.0, 0.0, 0.0, 0.0, 0.0, 0.0]
1721	[0.0, 1.0, 0.0, 0.0, 0.0, 0.0, 0.0]
1722	[0.0, 1.0, 0.0, 0.0, 0.0, 0.0, 0.0]
1723	[0.0, 1.0, 0.0, 0.0, 0.0, 0.0, 0.0]
1724	[0.0, 1.0, 0.0, 0.0, 0.0, 0.0, 0.0]
1725	[0.0, 1.0, 0.0, 0.0, 0.0, 0.0, 0.0]
1726	[0.0, 1.0, 0.0, 0.0, 0.0, 0.0, 0.0]
1727	[0.0, 1.0, 0.0, 0.0, 0.0, 0.0, 0.0]
1728	[0.0, 1.0, 0.0, 0.0, 0.0, 0.0, 0.0]
1729	[0.0, 1.0, 0.0, 0.0, 0.0, 0.0, 0.0]
1730	[0.0, 1.0, 0.0, 0.0, 0.0, 0.0, 0.0]
1731	[0.0, 1.0, 0.0, 0.0, 0.0, 0.0, 0.0]
1732	[0.0, 1.0, 0.0, 0.0, 0.0, 0.0, 0.0]
1733	[0.0, 1.0, 0.0, 0.0, 0.0, 0.0, 0.0]
1734	[0.0, 1.0, 0.0, 0.0, 0.0, 0.0, 0.0]
1735	[0.0, 1.0, 0.0, 0.0, 0.0, 0.0, 0.0]
1736	[0.0, 1.0, 0.0, 0.0, 0.0, 0.0, 0.0]
1737	[0.0, 1.0, 0.0, 0.0, 0.0, 0.0, 0.0]
1738	[0.0, 1.0, 0.0, 0.0, 0.0, 0.0, 0.0]
1739	[0.0, 1.0, 0.0, 0.0, 0.0, 0.0, 0.0]
1740	[0.0, 1.0, 0.0, 0.0, 0.0, 0.0, 0.0]
1741	[0.0, 1.0, 0.0, 0.0, 0.0, 0.0, 0.0]
1742	[0.0, 1.0, 0.0, 0.0, 0.0, 0.0, 0.0]
1743	[0.0, 1.0, 0.0, 0.0, 0.0, 0.0, 0.0]
1744	[0.0, 1.0, 0.0, 0.0, 0.0, 0.0, 0.0]
1745	[0.0, 1.0, 0.0, 0.0, 0.0, 0.0, 0.0]
1746	[0.0, 1.0, 0.0, 0.0, 0.0, 0.0, 0.0]
1747	[0.0, 1.0, 0.0, 0.0, 0.0, 0.0, 0.0]
1748	[0.0, 1.0, 0.0, 0.0, 0.0, 0.0, 0.0]
1749	[0.0, 1.0, 0.0, 0.0, 0.0, 0.0, 0.0]
1750	[0.0, 1.0, 0.0, 0.0, 0.0, 0.0, 0.0]
1751	[0.0, 1.0, 0.0, 0.0, 0.0, 0.0, 0.0]
1752	[0.0, 1.0, 0.0, 0.0, 0.0, 0.0, 0.0]
1753	[0.0, 1.0, 0.0, 0.0, 0.0, 0.0, 0.0]
1754	[0.0, 1.0, 0.0, 0.0, 0.0, 0.0, 0.0]
1755	[0.0, 1.0, 0.0, 0.0, 0.0, 0.0, 0.0]
1756	[0.0, 1.0, 0.0, 0.0, 0.0, 0.0, 0.0]
1757	[0.0, 1.0, 0.0, 0.0, 0.0, 0.0, 0.0]
1758	[0.0, 1.0, 0.0, 0.0, 0.0, 0.0, 0.0]
1759	[0.0, 1.0, 0.0, 0.0, 0.0, 0.0, 0.0]
1760	[0.0, 1.0, 0.0, 0.0, 0.0, 0.0, 0.0]
1761	[0.0, 1.0, 0.0, 0.0, 0.0, 0.0, 0.0]
1762	[0.0, 1.0, 0.0, 0.0, 0.0, 0.0, 0.0]
1763	[0.0, 1.0, 0.0, 0.0, 0.0, 0.0, 0.0]
1764	[0.0, 1.0, 0.0, 0.0, 0.0, 0.0, 0.0]
1765	[0.0, 1.0, 0.0, 0.0, 0.0, 0.0, 0.0]
1766	[0.0, 1.0, 0.0, 0.0, 0.0, 0.0, 0.0]
1767	[0.0, 1.0, 0.0, 0.0, 0.0, 0.0, 0.0]
1768	[0.0, 1.0, 0.0, 0.0, 0.0, 0.0, 0.0]
1769	[0.0, 1.0, 0.0, 0.0, 0.0, 0.0, 0.0]
1770	[0.0, 1.0, 0.0, 0.0, 0.0, 0.0, 0.0]
1771	[0.0, 1.0, 0.0, 0.0, 0.0, 0.0, 0.0]
1772	[0.0, 1.0, 0.0, 0.0, 0.0, 0.0, 0.0]
1773	[0.0, 1.0, 0.0, 0.0, 0.0, 0.0, 0.0]
1774	[0.0, 1.0, 0.0, 0.0, 0.0, 0.0, 0.0]
1775	[0.0, 1.0, 0.0, 0.0, 0.0, 0.0, 0.0]
1776	[0.0, 1.0, 0.0, 0.0, 0.0, 0.0, 0.0]
1777	[0.0, 1.0, 0.0, 0.0, 0.0, 0.0, 0.0]
1778	[0.0, 1.0, 0.0, 0.0, 0.0, 0.0, 0.0]
1779	[0.0, 1.0, 0.0, 0.0, 0.0, 0.0, 0.0]
1780	[0.0, 1.0, 0.0, 0.0, 0.0, 0.0, 0.0]
1781	[0.0, 1.0, 0.0, 0.0, 0.0, 0.0, 0.0]
1782	[0.0, 1.0, 0.0, 0.0, 0.0, 0.0, 0.0]
1783	[0.0, 1.0, 0.0, 0.0, 0.0, 0.0, 0.0]
1784	[0.0, 1.0, 0.0, 0.0, 0.0, 0.0, 0.0]
1785	[0.0, 1.0, 0.0, 0.0, 0.0, 0.0, 0.0]
1786	[0.0, 1.0, 0.0, 0.0, 0.0, 0.0, 0.0]
1787	[0.0, 1.0, 0.0, 0.0, 0.0, 0.0, 0.0]
1788	[0.0, 1.0, 0.0, 0.0, 0.0, 0.0, 0.0]
1789	[0.0, 1.0, 0.0, 0.0, 0.0, 0.0, 0.0]
1790	[0.0, 1.0, 0.0, 0.0, 0.0, 0.0, 0.0]
1791	[0.0, 1.0, 0.0, 0.0, 0.0, 0.0, 0.0]
1792	[0.0, 1.0, 0.0, 0.0, 0.0, 0.0, 0.0]
1793	[0.0, 1.0, 0.0, 0.0, 0.0, 0.0, 0.0]
1794	[0.0, 1.0, 0.0, 0.0, 0.0, 0.0, 0.0]
1795	[0.0, 1.0, 0.0, 0.0, 0.0, 0.0, 0.0]
1796	[0.0, 1.0, 0.0, 0.0, 0.0, 0.0, 0.0]
1797	[0.0, 1.0, 0.0, 0.0, 0.0, 0.0, 0.0]
1798	[0.0, 1.0, 0.0, 0.0, 0.0, 0.0, 0.0]
1799	[0.0, 1.0, 0.0, 0.0, 0.0, 0.0, 0.0]
1800	[0.0, 1.0, 0.0, 0.0, 0.0, 0.0, 0.0]
1801	[0.0, 1.0, 0.0, 0.0, 0.0, 0.0, 0.0]
1802	[0.0, 1.0, 0.0, 0.0, 0.0, 0.0, 0.0]
1803	[0.0, 1.0, 0.0, 0.0, 0.0, 0.0, 0.0]
1804	[0.0, 1.0, 0.0, 0.0, 0.0, 0.0, 0.0]
1805	[0.0, 1.0, 0.0, 0.0, 0.0, 0.0, 0.0]
1806	[0.0, 1.0, 0.0, 0.0, 0.0, 0.0, 0.0]
1807	[0.0, 1.0, 0.0, 0.0, 0.0, 0.0, 0.0]
1808	[0.0, 1.0, 0.0, 0.0, 0.0, 0.0, 0.0]
1809	[0.0, 1.0, 0.0, 0.0, 0.0, 0.0, 0.0]
1810	[0.0, 1.0, 0.0, 0.0, 0.0, 0.0, 0.0]
1811	[0.0, 1.0, 0.0, 0.0, 0.0, 0.0, 0.0]
1812	[0.0, 1.0, 0.0, 0.0, 0.0, 0.0, 0.0]
1813	[0.0, 1.0, 0.0, 0.0, 0.0, 0.0, 0.0]
1814	[0.0, 1.0, 0.0, 0.0, 0.0, 0.0, 0.0]
1815	[0.0, 1.0, 0.0, 0.0, 0.0, 0.0, 0.0]
1816	[0.0, 1.0, 0.0, 0.0, 0.0, 0.0, 0.0]
1817	[0.0, 1.0, 0.0, 0.0, 0.0, 0.0, 0.0]
1818	[0.0, 1.0, 0.0, 0.0, 0.0, 0.0, 0.0]
1819	[0.0, 1.0, 0.0, 0.0, 0.0, 0.0, 0.0]
1820	[0.0, 1.0, 0.0, 0.0, 0.0, 0.0, 0.0]
1821	[0.0, 1.0, 0.0, 0.0, 0.0, 0.0, 0.0]
1822	[0.0, 1.0, 0.0, 0.0, 0.0, 0.0, 0.0]
1823	[0.0, 1.0, 0.0, 0.0, 0.0, 0.0, 0.0]
1824	[0.0, 1.0, 0.0, 0.0, 0.0, 0.0, 0.0]
1825	[0.0, 1.0, 0.0, 0.0, 0.0, 0.0, 0.0]
1826	[0.0, 1.0, 0.0, 0.0, 0.0, 0.0, 0.0]
1827	[0.0, 1.0, 0.0, 0.0, 0.0, 0.0, 0.0]
1828	[0.0, 1.0, 0.0, 0.0, 0.0, 0.0, 0.0]
1829	[0.0, 1.0, 0.0, 0.0, 0.0, 0.0, 0.0]
1830	[0.0, 1.0, 0.0, 0.0, 0.0, 0.0, 0.0]
1831	[0.0, 1.0, 0.0, 0.0, 0.0, 0.0, 0.0]
1832	[0.0, 1.0, 0.0, 0.0, 0.0, 0.0, 0.0]
1833	[0.0, 1.0, 0.0, 0.0, 0.0, 0.0, 0.0]
1834	[0.0, 1.0, 0.0, 0.0, 0.0, 0.0, 0.0]
1835	[0.0, 1.0, 0.0, 0.0, 0.0, 0.0, 0.0]
1836	[0.0, 1.0, 0.0, 0.0, 0.0, 0.0, 0.0]
1837	[0.0, 1.0, 0.0, 0.0, 0.0, 0.0, 0.0]
1838	[0.0, 1.0, 0.0, 0.0, 0.0, 0.0, 0.0]
1839	[0.0, 1.0, 0.0, 0.0, 0.0, 0.0, 0.0]
1840	[0.0, 1.0, 0.0, 0.0, 0.0, 0.0, 0.0]
1841	[0.0, 1.0, 0.0, 0.0, 0.0, 0.0, 0.0]
1842	[0.0, 1.0, 0.0, 0.0, 0.0, 0.0, 0.0]
1843	[0.0, 1.0, 0.0, 0.0, 0.0, 0.0, 0.0]
1844	[0.0, 1.0, 0.0, 0.0, 0.0, 0.0, 0.0]
1845	[0.0, 1.0, 0.0, 0.0, 0.0, 0.0, 0.0]
1846	[0.0, 1.0, 0.0, 0.0, 0.0, 0.0, 0.0]
1847	[0.0, 1.0, 0.0, 0.0, 0.0, 0.0, 0.0]
1848	[0.0, 1.0, 0.0, 0.0, 0.0, 0.0, 0.0]
1849	[0.0, 1.0, 0.0, 0.0, 0.0, 0.0, 0.0]
1850	[0.0, 1.0, 0.0, 0.0, 0.0, 0.0, 0.0]
1851	[0.0, 1.0, 0.0, 0.0, 0.0, 0.0, 0.0]
1852	[0.0, 1.0, 0.0, 0.0, 0.0, 0.0, 0.0]
1853	[0.0, 1.0, 0.0, 0.0, 0.0, 0.0, 0.0]
1854	[0.0, 1.0, 0.0, 0.0, 0.0, 0.0, 0.0]
1855	[0.0, 1.0, 0.0, 0.0, 0.0, 0.0, 0.0]
1856	[0.0, 1.0, 0.0, 0.0, 0.0, 0.0, 0.0]
1857	[0.0, 1.0, 0.0, 0.0, 0.0, 0.0, 0.0]
1858	[0.0, 1.0, 0.0, 0.0, 0.0, 0.0, 0.0]
1859	[0.0, 1.0, 0.0, 0.0, 0.0, 0.0, 0.0]
1860	[0.0, 1.0, 0.0, 0.0, 0.0, 0.0, 0.0]
1861	[0.0, 1.0, 0.0, 0.0, 0.0, 0.0, 0.0]
1862	[0.0, 1.0, 0.0, 0.0, 0.0, 0.0, 0.0]
1863	[0.0, 1.0, 0.0, 0.0, 0.0, 0.0, 0.0]
1864	[0.0, 1.0, 0.0, 0.0, 0.0, 0.0, 0.0]
1865	[0.0, 1.0, 0.0, 0.0, 0.0, 0.0, 0.0]
1866	[0.0, 1.0, 0.0, 0.0, 0.0, 0.0, 0.0]
1867	[0.0, 1.0, 0.0, 0.0, 0.0, 0.0, 0.0]
1868	[0.0, 1.0, 0.0, 0.0, 0.0, 0.0, 0.0]
1869	[0.0, 1.0, 0.0, 0.0, 0.0, 0.0, 0.0]
1870	[0.0, 1.0, 0.0, 0.0, 0.0, 0.0, 0.0]
1871	[0.0, 1.0, 0.0, 0.0, 0.0, 0.0, 0.0]
1872	[0.0, 0.0, 1.0, 0.0, 0.0, 0.0, 0.0]
1873	[0.0, 0.0, 1.0, 0.0, 0.0, 0.0, 0.0]
1874	[0.0, 0.0, 1.0, 0.0, 0.0, 0.0, 0.0]
1875	[0.0, 0.0, 1.0, 0.0, 0.0, 0.0, 0.0]
1876	[0.0, 0.0, 1.0, 0.0, 0.0, 0.0, 0.0]
1877	[0.0, 0.0, 1.0, 0.0, 0.0, 0.0, 0.0]
1878	[0.0, 0.0, 1.0, 0.0, 0.0, 0.0, 0.0]
1879	[0.0, 0.0, 1.0, 0.0, 0.0, 0.0, 0.0]
1880	[0.0, 0.0, 1.0, 0.0, 0.0, 0.0, 0.0]
1881	[0.0, 0.0, 1.0, 0.0, 0.0, 0.0, 0.0]
1882	[0.0, 0.0, 1.0, 0.0, 0.0, 0.0, 0.0]
1883	[0.0, 0.0, 1.0, 0.0, 0.0, 0.0, 0.0]
1884	[0.0, 0.0, 1.0, 0.0, 0.0, 0.0, 0.0]
1885	[0.0, 0.0, 1.0, 0.0, 0.0, 0.0, 0.0]
1886	[0.0, 0.0, 1.0, 0.0, 0.0, 0.0, 0.0]
1887	[0.0, 0.0, 1.0, 0.0, 0.0, 0.0, 0.0]
1888	[0.0, 0.0, 1.0, 0.0, 0.0, 0.0, 0.0]
1889	[0.0, 0.0, 1.0, 0.0, 0.0, 0.0, 0.0]
1890	[0.0, 0.0, 1.0, 0.0, 0.0, 0.0, 0.0]
1891	[0.0, 0.0, 1.0, 0.0, 0.0, 0.0, 0.0]
1892	[0.0, 0.0, 1.0, 0.0, 0.0, 0.0, 0.0]
1893	[0.0, 0.0, 1.0, 0.0, 0.0, 0.0, 0.0]
1894	[0.0, 0.0, 1.0, 0.0, 0.0, 0.0, 0.0]
1895	[0.0, 0.0, 1.0, 0.0, 0.0, 0.0, 0.0]
1896	[0.0, 0.0, 1.0, 0.0, 0.0, 0.0, 0.0]
1897	[0.0, 0.0, 1.0, 0.0, 0.0, 0.0, 0.0]
1898	[0.0, 0.0, 1.0, 0.0, 0.0, 0.0, 0.0]
1899	[0.0, 0.0, 1.0, 0.0, 0.0, 0.0, 0.0]
1900	[0.0, 0.0, 1.0, 0.0, 0.0, 0.0, 0.0]
1901	[0.0, 0.0, 1.0, 0.0, 0.0, 0.0, 0.0]
1902	[0.0, 0.0, 1.0, 0.0, 0.0, 0.0, 0.0]
1903	[0.0, 0.0, 1.0, 0.0, 0.0, 0.0, 0.0]
1904	[0.0, 0.0, 1.0, 0.0, 0.0, 0.0, 0.0]
1905	[0.0, 0.0, 1.0, 0.0, 0.0, 0.0, 0.0]
1906	[0.0, 0.0, 1.0, 0.0, 0.0, 0.0, 0.0]
1907	[0.0, 0.0, 1.0, 0.0, 0.0, 0.0, 0.0]
1908	[0.0, 0.0, 1.0, 0.0, 0.0, 0.0, 0.0]
1909	[0.0, 0.0, 1.0, 0.0, 0.0, 0.0, 0.0]
1910	[0.0, 0.0, 1.0, 0.0, 0.0, 0.0, 0.0]
1911	[0.0, 0.0, 1.0, 0.0, 0.0, 0.0, 0.0]
1912	[0.0, 0.0, 1.0, 0.0, 0.0, 0.0, 0.0]
1913	[0.0, 0.0, 1.0, 0.0, 0.0, 0.0, 0.0]
1914	[0.0, 0.0, 1.0, 0.0, 0.0, 0.0, 0.0]
1915	[0.0, 0.0, 1.0, 0.0, 0.0, 0.0, 0.0]
1916	[0.0, 0.0, 1.0, 0.0, 0.0, 0.0, 0.0]
1917	[0.0, 0.0, 1.0, 0.0, 0.0, 0.0, 0.0]
1918	[0.0, 0.0, 1.0, 0.0, 0.0, 0.0, 0.0]
1919	[0.0, 0.0, 1.0, 0.0, 0.0, 0.0, 0.0]
1920	[0.0, 0.0, 1.0, 0.0, 0.0, 0.0, 0.0]
1921	[0.0, 0.0, 1.0, 0.0, 0.0, 0.0, 0.0]
1922	[0.0, 0.0, 1.0, 0.0, 0.0, 0.0, 0.0]
1923	[0.0, 0.0, 1.0, 0.0, 0.0, 0.0, 0.0]
1924	[0.0, 0.0, 1.0, 0.0, 0.0, 0.0, 0.0]
1925	[0.0, 0.0, 1.0, 0.0, 0.0, 0.0, 0.0]
1926	[0.0, 0.0, 1.0, 0.0, 0.0, 0.0, 0.0]
1927	[0.0, 0.0, 1.0, 0.0, 0.0, 0.0, 0.0]
1928	[0.0, 0.0, 1.0, 0.0, 0.0, 0.0, 0.0]
1929	[0.0, 0.0, 1.0, 0.0, 0.0, 0.0, 0.0]
1930	[0.0, 0.0, 1.0, 0.0, 0.0, 0.0, 0.0]
1931	[0.0, 0.0, 1.0, 0.0, 0.0, 0.0, 0.0]
1932	[0.0, 0.0, 1.0, 0.0, 0.0, 0.0, 0.0]
1933	[0.0, 0.0, 1.0, 0.0, 0.0, 0.0, 0.0]
1934	[0.0, 0.0, 1.0, 0.0, 0.0, 0.0, 0.0]
1935	[0.0, 0.0, 1.0, 0.0, 0.0, 0.0, 0.0]
1936	[0.0, 0.0, 1.0, 0.0, 0.0, 0.0, 0.0]
1937	[0.0, 0.0, 1.0, 0.0, 0.0, 0.0, 0.0]
1938	[0.0, 0.0, 1.0, 0.0, 0.0, 0.0, 0.0]
1939	[0.0, 0.0, 1.0, 0.0, 0.0, 0.0, 0.0]
1940	[0.0, 0.0, 1.0, 0.0, 0.0, 0.0, 0.0]
1941	[0.0, 0.0, 1.0, 0.0, 0.0, 0.0, 0.0]
1942	[0.0, 0.0, 1.0, 0.0, 0.0, 0.0, 0.0]
1943	[0.0, 0.0, 1.0, 0.0, 0.0, 0.0, 0.0]
1944	[0.0, 0.0, 1.0, 0.0, 0.0, 0.0, 0.0]
1945	[0.0, 0.0, 1.0, 0.0, 0.0, 0.0, 0.0]
1946	[0.0, 0.0, 1.0, 0.0, 0.0, 0.0, 0.0]
1947	[0.0, 0.0, 1.0, 0.0, 0.0, 0.0, 0.0]
1948	[0.0, 0.0, 1.0, 0.0, 0.0, 0.0, 0.0]
1949	[0.0, 0.0, 1.0, 0.0, 0.0, 0.0, 0.0]
1950	[0.0, 0.0, 1.0, 0.0, 0.0, 0.0, 0.0]
1951	[0.0, 0.0, 1.0, 0.0, 0.0, 0.0, 0.0]
1952	[0.0, 0.0, 1.0, 0.0, 0.0, 0.0, 0.0]
1953	[0.0, 0.0, 1.0, 0.0, 0.0, 0.0, 0.0]
1954	[0.0, 0.0, 1.0, 0.0, 0.0, 0.0, 0.0]
1955	[0.0, 0.0, 1.0, 0.0, 0.0, 0.0, 0.0]
1956	[0.0, 0.0, 1.0, 0.0, 0.0, 0.0, 0.0]
1957	[0.0, 0.0, 1.0, 0.0, 0.0, 0.0, 0.0]
1958	[0.0, 0.0, 1.0, 0.0, 0.0, 0.0, 0.0]
1959	[0.0, 0.0, 1.0, 0.0, 0.0, 0.0, 0.0]
1960	[0.0, 0.0, 1.0, 0.0, 0.0, 0.0, 0.0]
1961	[0.0, 0.0, 1.0, 0.0, 0.0, 0.0, 0.0]
1962	[0.0, 0.0, 1.0, 0.0, 0.0, 0.0, 0.0]
1963	[0.0, 0.0, 1.0, 0.0, 0.0, 0.0, 0.0]
1964	[0.0, 0.0, 1.0, 0.0, 0.0, 0.0, 0.0]
1965	[0.0, 0.0, 1.0, 0.0, 0.0, 0.0, 0.0]
1966	[0.0, 0.0, 1.0, 0.0, 0.0, 0.0, 0.0]
1967	[0.0, 0.0, 1.0, 0.0, 0.0, 0.0, 0.0]
1968	[0.0, 0.0, 1.0, 0.0, 0.0, 0.0, 0.0]
1969	[0.0, 0.0, 1.0, 0.0, 0.0, 0.0, 0.0]
1970	[0.0, 0.0, 1.0, 0.0, 0.0, 0.0, 0.0]
1971	[0.0, 0.0, 1.0, 0.0, 0.0, 0.0, 0.0]
1972	[0.0, 0.0, 1.0, 0.0, 0.0, 0.0, 0.0]
1973	[0.0, 0.0, 1.0, 0.0, 0.0, 0.0, 0.0]
1974	[0.0, 0.0, 1.0, 0.0, 0.0, 0.0, 0.0]
1975	[0.0, 0.0, 1.0, 0.0, 0.0, 0.0, 0.0]
1976	[0.0, 0.0, 1.0, 0.0, 0.0, 0.0, 0.0]
1977	[0.0, 0.0, 1.0, 0.0, 0.0, 0.0, 0.0]
1978	[0.0, 0.0, 1.0, 0.0, 0.0, 0.0, 0.0]
1979	[0.0, 0.0, 1.0, 0.0, 0.0, 0.0, 0.0]
1980	[0.0, 0.0, 1.0, 0.0, 0.0, 0.0, 0.0]
1981	[0.0, 0.0, 1.0, 0.0, 0.0, 0.0, 0.0]
1982	[0.0, 0.0, 1.0, 0.0, 0.0, 0.0, 0.0]
1983	[0.0, 0.0, 1.0, 0.0, 0.0, 0.0, 0.0]
1984	[0.0, 0.0, 1.0, 0.0, 0.0, 0.0, 0.0]
1985	[0.0, 0.0, 1.0, 0.0, 0.0, 0.0, 0.0]
1986	[0.0, 0.0, 1.0, 0.0, 0.0, 0.0, 0.0]
1987	[0.0, 0.0, 1.0, 0.0, 0.0, 0.0, 0.0]
1988	[0.0, 0.0, 1.0, 0.0, 0.0, 0.0, 0.0]
1989	[0.0, 0.0, 1.0, 0.0, 0.0, 0.0, 0.0]
1990	[0.0, 0.0, 1.0, 0.0, 0.0, 0.0, 0.0]
1991	[0.0, 0.0, 1.0, 0.0, 0.0, 0.0, 0.0]
1992	[0.0, 0.0, 1.0, 0.0, 0.0, 0.0, 0.0]
1993	[0.0, 0.0, 1.0, 0.0, 0.0, 0.0, 0.0]
1994	[0.0, 0.0, 1.0, 0.0, 0.0, 0.0, 0.0]
1995	[0.0, 0.0, 1.0, 0.0, 0.0, 0.0, 0.0]
1996	[0.0, 0.0, 1.0, 0.0, 0.0, 0.0, 0.0]
1997	[0.0, 0.0, 1.0, 0.0, 0.0, 0.0, 0.0]
1998	[0.0, 0.0, 1.0, 0.0, 0.0, 0.0, 0.0]
1999	[0.0, 0.0, 1.0, 0.0, 0.0, 0.0, 0.0]
2000	[0.0, 0.0, 1.0, 0.0, 0.0, 0.0, 0.0]
2001	[0.0, 0.0, 1.0, 0.0, 0.0, 0.0, 0.0]
2002	[0.0, 0.0, 1.0, 0.0, 0.0, 0.0, 0.0]
2003	[0.0, 0.0, 1.0, 0.0, 0.0, 0.0, 0.0]
2004	[0.0, 0.0, 1.0, 0.0, 0.0, 0.0, 0.0]
2005	[0.0, 0.0, 1.0, 0.0, 0.0, 0.0, 0.0]
2006	[0.0, 0.0, 1.0, 0.0, 0.0, 0.0, 0.0]
2007	[0.0, 0.0, 1.0, 0.0, 0.0, 0.0, 0.0]
2008	[0.0, 0.0, 1.0, 0.0, 0.0, 0.0, 0.0]
2009	[0.0, 0.0, 1.0, 0.0, 0.0, 0.0, 0.0]
2010	[0.0, 0.0, 1.0, 0.0, 0.0, 0.0, 0.0]
2011	[0.0, 0.0, 1.0, 0.0, 0.0, 0.0, 0.0]
2012	[0.0, 0.0, 1.0, 0.0, 0.0, 0.0, 0.0]
2013	[0.0, 0.0, 1.0, 0.0, 0.0, 0.0, 0.0]
2014	[0.0, 0.0, 1.0, 0.0, 0.0, 0.0, 0.0]
2015	[0.0, 0.0, 1.0, 0.0, 0.0, 0.0, 0.0]
2016	[0.0, 0.0, 1.0, 0.0, 0.0, 0.0, 0.0]
2017	[0.0, 0.0, 1.0, 0.0, 0.0, 0.0, 0.0]
2018	[0.0, 0.0, 1.0, 0.0, 0.0, 0.0, 0.0]
2019	[0.0, 0.0, 1.0, 0.0, 0.0, 0.0, 0.0]
2020	[0.0, 0.0, 1.0, 0.0, 0.0, 0.0, 0.0]
2021	[0.0, 0.0, 1.0, 0.0, 0.0, 0.0, 0.0]
2022	[0.0, 0.0, 1.0, 0.0, 0.0, 0.0, 0.0]
2023	[0.0, 0.0, 1.0, 0.0, 0.0, 0.0, 0.0]
2024	[0.0, 0.0, 1.0, 0.0, 0.0, 0.0, 0.0]
2025	[0.0, 0.0, 1.0, 0.0, 0.0, 0.0, 0.0]
2026	[0.0, 0.0, 1.0, 0.0, 0.0, 0.0, 0.0]
2027	[0.0, 0.0, 1.0, 0.0, 0.0, 0.0, 0.0]
2028	[0.0, 0.0, 1.0, 0.0, 0.0, 0.0, 0.0]
2029	[0.0, 0.0, 1.0, 0.0, 0.0, 0.0, 0.0]
2030	[0.0, 0.0, 1.0, 0.0, 0.0, 0.0, 0.0]
2031	[0.0, 0.0, 1.0, 0.0, 0.0, 0.0, 0.0]
2032	[0.0, 0.0, 1.0, 0.0, 0.0, 0.0, 0.0]
2033	[0.0, 0.0, 1.0, 0.0, 0.0, 0.0, 0.0]
2034	[0.0, 0.0, 1.0, 0.0, 0.0, 0.0, 0.0]
2035	[0.0, 0.0, 1.0, 0.0, 0.0, 0.0, 0.0]
2036	[0.0, 0.0, 1.0, 0.0, 0.0, 0.0, 0.0]
2037	[0.0, 0.0, 1.0, 0.0, 0.0, 0.0, 0.0]
2038	[0.0, 0.0, 1.0, 0.0, 0.0, 0.0, 0.0]
2039	[0.0, 0.0, 1.0, 0.0, 0.0, 0.0, 0.0]
2040	[0.0, 0.0, 1.0, 0.0, 0.0, 0.0, 0.0]
2041	[0.0, 0.0, 1.0, 0.0, 0.0, 0.0, 0.0]
2042	[0.0, 0.0, 1.0, 0.0, 0.0, 0.0, 0.0]
2043	[0.0, 0.0, 1.0, 0.0, 0.0, 0.0, 0.0]
2044	[0.0, 0.0, 1.0, 0.0, 0.0, 0.0, 0.0]
2045	[0.0, 0.0, 1.0, 0.0, 0.0, 0.0, 0.0]
2046	[0.0, 0.0, 1.0, 0.0, 0.0, 0.0, 0.0]
2047	[0.0, 0.0, 1.0, 0.0, 0.0, 0.0, 0.0]
2048	[0.0, 0.0, 1.0, 0.0, 0.0, 0.0, 0.0]
2049	[0.0, 0.0, 1.0, 0.0, 0.0, 0.0, 0.0]
2050	[0.0, 0.0, 1.0, 0.0, 0.0, 0.0, 0.0]
2051	[0.0, 0.0, 1.0, 0.0, 0.0, 0.0, 0.0]
2052	[0.0, 0.0, 1.0, 0.0, 0.0, 0.0, 0.0]
2053	[0.0, 0.0, 1.0, 0.0, 0.0, 0.0, 0.0]
2054	[0.0, 0.0, 1.0, 0.0, 0.0, 0.0, 0.0]
2055	[0.0, 0.0, 1.0, 0.0, 0.0, 0.0, 0.0]
2056	[0.0, 0.0, 1.0, 0.0, 0.0, 0.0, 0.0]
2057	[0.0, 0.0, 1.0, 0.0, 0.0, 0.0, 0.0]
2058	[0.0, 0.0, 1.0, 0.0, 0.0, 0.0, 0.0]
2059	[0.0, 0.0, 1.0, 0.0, 0.0, 0.0, 0.0]
2060	[0.0, 0.0, 1.0, 0.0, 0.0, 0.0, 0.0]
2061	[0.0, 0.0, 1.0, 0.0, 0.0, 0.0, 0.0]
2062	[0.0, 0.0, 1.0, 0.0, 0.0, 0.0, 0.0]
2063	[0.0, 0.0, 1.0, 0.0, 0.0, 0.0, 0.0]
2064	[0.0, 0.0, 1.0, 0.0, 0.0, 0.0, 0.0]
2065	[0.0, 0.0, 1.0, 0.0, 0.0, 0.0, 0.0]
2066	[0.0, 0.0, 1.0, 0.0, 0.0, 0.0, 0.0]
2067	[0.0, 0.0, 1.0, 0.0, 0.0, 0.0, 0.0]
2068	[0.0, 0.0, 1.0, 0.0, 0.0, 0.0, 0.0]
2069	[0.0, 0.0, 1.0, 0.0, 0.0, 0.0, 0.0]
2070	[0.0, 0.0, 1.0, 0.0, 0.0, 0.0, 0.0]
2071	[0.0, 0.0, 1.0, 0.0, 0.0, 0.0, 0.0]
2072	[0.0, 0.0, 1.0, 0.0, 0.0, 0.0, 0.0]
2073	[0.0, 0.0, 1.0, 0.0, 0.0, 0.0, 0.0]
2074	[0.0, 0.0, 1.0, 0.0, 0.0, 0.0, 0.0]
2075	[0.0, 0.0, 1.0, 0.0, 0.0, 0.0, 0.0]
2076	[0.0, 0.0, 1.0, 0.0, 0.0, 0.0, 0.0]
2077	[0.0, 0.0, 1.0, 0.0, 0.0, 0.0, 0.0]
2078	[0.0, 0.0, 1.0, 0.0, 0.0, 0.0, 0.0]
2079	[0.0, 0.0, 1.0, 0.0, 0.0, 0.0, 0.0]
2080	[0.0, 0.0, 1.0, 0.0, 0.0, 0.0, 0.0]
2081	[0.0, 0.0, 1.0, 0.0, 0.0, 0.0, 0.0]
2082	[0.0, 0.0, 1.0, 0.0, 0.0, 0.0, 0.0]
2083	[0.0, 0.0, 1.0, 0.0, 0.0, 0.0, 0.0]
2084	[0.0, 0.0, 1.0, 0.0, 0.0, 0.0, 0.0]
2085	[0.0, 0.0, 1.0, 0.0, 0.0, 0.0, 0.0]
2086	[0.0, 0.0, 1.0, 0.0, 0.0, 0.0, 0.0]
2087	[0.0, 0.0, 1.0, 0.0, 0.0, 0.0, 0.0]
2088	[0.0, 0.0, 1.0, 0.0, 0.0, 0.0, 0.0]
2089	[0.0, 0.0, 1.0, 0.0, 0.0, 0.0, 0.0]
2090	[0.0, 0.0, 1.0, 0.0, 0.0, 0.0, 0.0]
2091	[0.0, 0.0, 1.0, 0.0, 0.0, 0.0, 0.0]
2092	[0.0, 0.0, 1.0, 0.0, 0.0, 0.0, 0.0]
2093	[0.0, 0.0, 1.0, 0.0, 0.0, 0.0, 0.0]
2094	[0.0, 0.0, 1.0, 0.0, 0.0, 0.0, 0.0]
2095	[0.0, 0.0, 1.0, 0.0, 0.0, 0.0, 0.0]
2096	[0.0, 0.0, 1.0, 0.0, 0.0, 0.0, 0.0]
2097	[0.0, 0.0, 1.0, 0.0, 0.0, 0.0, 0.0]
2098	[0.0, 0.0, 1.0, 0.0, 0.0, 0.0, 0.0]
2099	[0.0, 0.0, 1.0, 0.0, 0.0, 0.0, 0.0]
2100	[0.0, 0.0, 1.0, 0.0, 0.0, 0.0, 0.0]
2101	[0.0, 0.0, 1.0, 0.0, 0.0, 0.0, 0.0]
2102	[0.0, 0.0, 1.0, 0.0, 0.0, 0.0, 0.0]
2103	[0.0, 0.0, 1.0, 0.0, 0.0, 0.0, 0.0]
2104	[0.0, 0.0, 1.0, 0.0, 0.0, 0.0, 0.0]
2105	[0.0, 0.0, 1.0, 0.0, 0.0, 0.0, 0.0]
2106	[0.0, 0.0, 0.0, 1.0, 0.0, 0.0, 0.0]
2107	[0.0, 0.0, 0.0, 1.0, 0.0, 0.0, 0.0]
2108	[0.0, 0.0, 0.0, 1.0, 0.0, 0.0, 0.0]
2109	[0.0, 0.0, 0.0, 1.0, 0.0, 0.0, 0.0]
2110	[0.0, 0.0, 0.0, 1.0, 0.0, 0.0, 0.0]
2111	[0.0, 0.0, 0.0, 1.0, 0.0, 0.0, 0.0]
2112	[0.0, 0.0, 0.0, 1.0, 0.0, 0.0, 0.0]
2113	[0.0, 0.0, 0.0, 1.0, 0.0, 0.0, 0.0]
2114	[0.0, 0.0, 0.0, 1.0, 0.0, 0.0, 0.0]
2115	[0.0, 0.0, 0.0, 1.0, 0.0, 0.0, 0.0]
2116	[0.0, 0.0, 0.0, 1.0, 0.0, 0.0, 0.0]
2117	[0.0, 0.0, 0.0, 1.0, 0.0, 0.0, 0.0]
2118	[0.0, 0.0, 0.0, 1.0, 0.0, 0.0, 0.0]
2119	[0.0, 0.0, 0.0, 1.0, 0.0, 0.0, 0.0]
2120	[0.0, 0.0, 0.0, 1.0, 0.0, 0.0, 0.0]
2121	[0.0, 0.0, 0.0, 1.0, 0.0, 0.0, 0.0]
2122	[0.0, 0.0, 0.0, 1.0, 0.0, 0.0, 0.0]
2123	[0.0, 0.0, 0.0, 1.0, 0.0, 0.0, 0.0]
2124	[0.0, 0.0, 0.0, 1.0, 0.0, 0.0, 0.0]
2125	[0.0, 0.0, 0.0, 1.0, 0.0, 0.0, 0.0]
2126	[0.0, 0.0, 0.0, 1.0, 0.0, 0.0, 0.0]
2127	[0.0, 0.0, 0.0, 1.0, 0.0, 0.0, 0.0]
2128	[0.0, 0.0, 0.0, 1.0, 0.0, 0.0, 0.0]
2129	[0.0, 0.0, 0.0, 1.0, 0.0, 0.0, 0.0]
2130	[0.0, 0.0, 0.0, 1.0, 0.0, 0.0, 0.0]
2131	[0.0, 0.0, 0.0, 1.0, 0.0, 0.0, 0.0]
2132	[0.0, 0.0, 0.0, 1.0, 0.0, 0.0, 0.0]
2133	[0.0, 0.0, 0.0, 1.0, 0.0, 0.0, 0.0]
2134	[0.0, 0.0, 0.0, 1.0, 0.0, 0.0, 0.0]
2135	[0.0, 0.0, 0.0, 1.0, 0.0, 0.0, 0.0]
2136	[0.0, 0.0, 0.0, 1.0, 0.0, 0.0, 0.0]
2137	[0.0, 0.0, 0.0, 1.0, 0.0, 0.0, 0.0]
2138	[0.0, 0.0, 0.0, 1.0, 0.0, 0.0, 0.0]
2139	[0.0, 0.0, 0.0, 1.0, 0.0, 0.0, 0.0]
2140	[0.0, 0.0, 0.0, 1.0, 0.0, 0.0, 0.0]
2141	[0.0, 0.0, 0.0, 1.0, 0.0, 0.0, 0.0]
2142	[0.0, 0.0, 0.0, 1.0, 0.0, 0.0, 0.0]
2143	[0.0, 0.0, 0.0, 1.0, 0.0, 0.0, 0.0]
2144	[0.0, 0.0, 0.0, 1.0, 0.0, 0.0, 0.0]
2145	[0.0, 0.0, 0.0, 1.0, 0.0, 0.0, 0.0]
2146	[0.0, 0.0, 0.0, 1.0, 0.0, 0.0, 0.0]
2147	[0.0, 0.0, 0.0, 1.0, 0.0, 0.0, 0.0]
2148	[0.0, 0.0, 0.0, 1.0, 0.0, 0.0, 0.0]
2149	[0.0, 0.0, 0.0, 1.0, 0.0, 0.0, 0.0]
2150	[0.0, 0.0, 0.0, 1.0, 0.0, 0.0, 0.0]
2151	[0.0, 0.0, 0.0, 1.0, 0.0, 0.0, 0.0]
2152	[0.0, 0.0, 0.0, 1.0, 0.0, 0.0, 0.0]
2153	[0.0, 0.0, 0.0, 1.0, 0.0, 0.0, 0.0]
2154	[0.0, 0.0, 0.0, 1.0, 0.0, 0.0, 0.0]
2155	[0.0, 0.0, 0.0, 1.0, 0.0, 0.0, 0.0]
2156	[0.0, 0.0, 0.0, 1.0, 0.0, 0.0, 0.0]
2157	[0.0, 0.0, 0.0, 1.0, 0.0, 0.0, 0.0]
2158	[0.0, 0.0, 0.0, 1.0, 0.0, 0.0, 0.0]
2159	[0.0, 0.0, 0.0, 1.0, 0.0, 0.0, 0.0]
2160	[0.0, 0.0, 0.0, 1.0, 0.0, 0.0, 0.0]
2161	[0.0, 0.0, 0.0, 1.0, 0.0, 0.0, 0.0]
2162	[0.0, 0.0, 0.0, 1.0, 0.0, 0.0, 0.0]
2163	[0.0, 0.0, 0.0, 1.0, 0.0, 0.0, 0.0]
2164	[0.0, 0.0, 0.0, 1.0, 0.0, 0.0, 0.0]
2165	[0.0, 0.0, 0.0, 1.0, 0.0, 0.0, 0.0]
2166	[0.0, 0.0, 0.0, 1.0, 0.0, 0.0, 0.0]
2167	[0.0, 0.0, 0.0, 1.0, 0.0, 0.0, 0.0]
2168	[0.0, 0.0, 0.0, 1.0, 0.0, 0.0, 0.0]
2169	[0.0, 0.0, 0.0, 1.0, 0.0, 0.0, 0.0]
2170	[0.0, 0.0, 0.0, 1.0, 0.0, 0.0, 0.0]
2171	[0.0, 0.0, 0.0, 1.0, 0.0, 0.0, 0.0]
2172	[0.0, 0.0, 0.0, 1.0, 0.0, 0.0, 0.0]
2173	[0.0, 0.0, 0.0, 1.0, 0.0, 0.0, 0.0]
2174	[0.0, 0.0, 0.0, 1.0, 0.0, 0.0, 0.0]
2175	[0.0, 0.0, 0.0, 1.0, 0.0, 0.0, 0.0]
2176	[0.0, 0.0, 0.0, 1.0, 0.0, 0.0, 0.0]
2177	[0.0, 0.0, 0.0, 1.0, 0.0, 0.0, 0.0]
2178	[0.0, 0.0, 0.0, 1.0, 0.0, 0.0, 0.0]
2179	[0.0, 0.0, 0.0, 1.0, 0.0, 0.0, 0.0]
2180	[0.0, 0.0, 0.0, 1.0, 0.0, 0.0, 0.0]
2181	[0.0, 0.0, 0.0, 1.0, 0.0, 0.0, 0.0]
2182	[0.0, 0.0, 0.0, 1.0, 0.0, 0.0, 0.0]
2183	[0.0, 0.0, 0.0, 1.0, 0.0, 0.0, 0.0]
2184	[0.0, 0.0, 0.0, 1.0, 0.0, 0.0, 0.0]
2185	[0.0, 0.0, 0.0, 1.0, 0.0, 0.0, 0.0]
2186	[0.0, 0.0, 0.0, 1.0, 0.0, 0.0, 0.0]
2187	[0.0, 0.0, 0.0, 1.0, 0.0, 0.0, 0.0]
2188	[0.0, 0.0, 0.0, 1.0, 0.0, 0.0, 0.0]
2189	[0.0, 0.0, 0.0, 1.0, 0.0, 0.0, 0.0]
2190	[0.0, 0.0, 0.0, 1.0, 0.0, 0.0, 0.0]
2191	[0.0, 0.0, 0.0, 1.0, 0.0, 0.0, 0.0]
2192	[0.0, 0.0, 0.0, 1.0, 0.0, 0.0, 0.0]
2193	[0.0, 0.0, 0.0, 1.0, 0.0, 0.0, 0.0]
2194	[0.0, 0.0, 0.0, 1.0, 0.0, 0.0, 0.0]
2195	[0.0, 0.0, 0.0, 1.0, 0.0, 0.0, 0.0]
2196	[0.0, 0.0, 0.0, 1.0, 0.0, 0.0, 0.0]
2197	[0.0, 0.0, 0.0, 1.0, 0.0, 0.0, 0.0]
2198	[0.0, 0.0, 0.0, 1.0, 0.0, 0.0, 0.0]
2199	[0.0, 0.0, 0.0, 1.0, 0.0, 0.0, 0.0]
2200	[0.0, 0.0, 0.0, 1.0, 0.0, 0.0, 0.0]
2201	[0.0, 0.0, 0.0, 1.0, 0.0, 0.0, 0.0]
2202	[0.0, 0.0, 0.0, 1.0, 0.0, 0.0, 0.0]
2203	[0.0, 0.0, 0.0, 1.0, 0.0, 0.0, 0.0]
2204	[0.0, 0.0, 0.0, 1.0, 0.0, 0.0, 0.0]
2205	[0.0, 0.0, 0.0, 1.0, 0.0, 0.0, 0.0]
2206	[0.0, 0.0, 0.0, 1.0, 0.0, 0.0, 0.0]
2207	[0.0, 0.0, 0.0, 1.0, 0.0, 0.0, 0.0]
2208	[0.0, 0.0, 0.0, 1.0, 0.0, 0.0, 0.0]
2209	[0.0, 0.0, 0.0, 1.0, 0.0, 0.0, 0.0]
2210	[0.0, 0.0, 0.0, 1.0, 0.0, 0.0, 0.0]
2211	[0.0, 0.0, 0.0, 1.0, 0.0, 0.0, 0.0]
2212	[0.0, 0.0, 0.0, 1.0, 0.0, 0.0, 0.0]
2213	[0.0, 0.0, 0.0, 1.0, 0.0, 0.0, 0.0]
2214	[0.0, 0.0, 0.0, 1.0, 0.0, 0.0, 0.0]
2215	[0.0, 0.0, 0.0, 1.0, 0.0, 0.0, 0.0]
2216	[0.0, 0.0, 0.0, 1.0, 0.0, 0.0, 0.0]
2217	[0.0, 0.0, 0.0, 1.0, 0.0, 0.0, 0.0]
2218	[0.0, 0.0, 0.0, 1.0, 0.0, 0.0, 0.0]
2219	[0.0, 0.0, 0.0, 1.0, 0.0, 0.0, 0.0]
2220	[0.0, 0.0, 0.0, 1.0, 0.0, 0.0, 0.0]
2221	[0.0, 0.0, 0.0, 1.0, 0.0, 0.0, 0.0]
2222	[0.0, 0.0, 0.0, 1.0, 0.0, 0.0, 0.0]
2223	[0.0, 0.0, 0.0, 1.0, 0.0, 0.0, 0.0]
2224	[0.0, 0.0, 0.0, 1.0, 0.0, 0.0, 0.0]
2225	[0.0, 0.0, 0.0, 1.0, 0.0, 0.0, 0.0]
2226	[0.0, 0.0, 0.0, 1.0, 0.0, 0.0, 0.0]
2227	[0.0, 0.0, 0.0, 1.0, 0.0, 0.0, 0.0]
2228	[0.0, 0.0, 0.0, 1.0, 0.0, 0.0, 0.0]
2229	[0.0, 0.0, 0.0, 1.0, 0.0, 0.0, 0.0]
2230	[0.0, 0.0, 0.0, 1.0, 0.0, 0.0, 0.0]
2231	[0.0, 0.0, 0.0, 1.0, 0.0, 0.0, 0.0]
2232	[0.0, 0.0, 0.0, 1.0, 0.0, 0.0, 0.0]
2233	[0.0, 0.0, 0.0, 1.0, 0.0, 0.0, 0.0]
2234	[0.0, 0.0, 0.0, 1.0, 0.0, 0.0, 0.0]
2235	[0.0, 0.0, 0.0, 1.0, 0.0, 0.0, 0.0]
2236	[0.0, 0.0, 0.0, 1.0, 0.0, 0.0, 0.0]
2237	[0.0, 0.0, 0.0, 1.0, 0.0, 0.0, 0.0]
2238	[0.0, 0.0, 0.0, 1.0, 0.0, 0.0, 0.0]
2239	[0.0, 0.0, 0.0, 1.0, 0.0, 0.0, 0.0]
2240	[0.0, 0.0, 0.0, 1.0, 0.0, 0.0, 0.0]
2241	[0.0, 0.0, 0.0, 1.0, 0.0, 0.0, 0.0]
2242	[0.0, 0.0, 0.0, 1.0, 0.0, 0.0, 0.0]
2243	[0.0, 0.0, 0.0, 1.0, 0.0, 0.0, 0.0]
2244	[0.0, 0.0, 0.0, 1.0, 0.0, 0.0, 0.0]
2245	[0.0, 0.0, 0.0, 1.0, 0.0, 0.0, 0.0]
2246	[0.0, 0.0, 0.0, 1.0, 0.0, 0.0, 0.0]
2247	[0.0, 0.0, 0.0, 1.0, 0.0, 0.0, 0.0]
2248	[0.0, 0.0, 0.0, 1.0, 0.0, 0.0, 0.0]
2249	[0.0, 0.0, 0.0, 1.0, 0.0, 0.0, 0.0]
2250	[0.0, 0.0, 0.0, 1.0, 0.0, 0.0, 0.0]
2251	[0.0, 0.0, 0.0, 1.0, 0.0, 0.0, 0.0]
2252	[0.0, 0.0, 0.0, 1.0, 0.0, 0.0, 0.0]
2253	[0.0, 0.0, 0.0, 1.0, 0.0, 0.0, 0.0]
2254	[0.0, 0.0, 0.0, 1.0, 0.0, 0.0, 0.0]
2255	[0.0, 0.0, 0.0, 1.0, 0.0, 0.0, 0.0]
2256	[0.0, 0.0, 0.0, 1.0, 0.0, 0.0, 0.0]
2257	[0.0, 0.0, 0.0, 1.0, 0.0, 0.0, 0.0]
2258	[0.0, 0.0, 0.0, 1.0, 0.0, 0.0, 0.0]
2259	[0.0, 0.0, 0.0, 1.0, 0.0, 0.0, 0.0]
2260	[0.0, 0.0, 0.0, 1.0, 0.0, 0.0, 0.0]
2261	[0.0, 0.0, 0.0, 1.0, 0.0, 0.0, 0.0]
2262	[0.0, 0.0, 0.0, 1.0, 0.0, 0.0, 0.0]
2263	[0.0, 0.0, 0.0, 1.0, 0.0, 0.0, 0.0]
2264	[0.0, 0.0, 0.0, 1.0, 0.0, 0.0, 0.0]
2265	[0.0, 0.0, 0.0, 1.0, 0.0, 0.0, 0.0]
2266	[0.0, 0.0, 0.0, 1.0, 0.0, 0.0, 0.0]
2267	[0.0, 0.0, 0.0, 1.0, 0.0, 0.0, 0.0]
2268	[0.0, 0.0, 0.0, 1.0, 0.0, 0.0, 0.0]
2269	[0.0, 0.0, 0.0, 1.0, 0.0, 0.0, 0.0]
2270	[0.0, 0.0, 0.0, 1.0, 0.0, 0.0, 0.0]
2271	[0.0, 0.0, 0.0, 1.0, 0.0, 0.0, 0.0]
2272	[0.0, 0.0, 0.0, 1.0, 0.0, 0.0, 0.0]
2273	[0.0, 0.0, 0.0, 1.0, 0.0, 0.0, 0.0]
2274	[0.0, 0.0, 0.0, 1.0, 0.0, 0.0, 0.0]
2275	[0.0, 0.0, 0.0, 1.0, 0.0, 0.0, 0.0]
2276	[0.0, 0.0, 0.0, 1.0, 0.0, 0.0, 0.0]
2277	[0.0, 0.0, 0.0, 1.0, 0.0, 0.0, 0.0]
2278	[0.0, 0.0, 0.0, 1.0, 0.0, 0.0, 0.0]
2279	[0.0, 0.0, 0.0, 1.0, 0.0, 0.0, 0.0]
2280	[0.0, 0.0, 0.0, 1.0, 0.0, 0.0, 0.0]
2281	[0.0, 0.0, 0.0, 1.0, 0.0, 0.0, 0.0]
2282	[0.0, 0.0, 0.0, 1.0, 0.0, 0.0, 0.0]
2283	[0.0, 0.0, 0.0, 1.0, 0.0, 0.0, 0.0]
2284	[0.0, 0.0, 0.0, 1.0, 0.0, 0.0, 0.0]
2285	[0.0, 0.0, 0.0, 1.0, 0.0, 0.0, 0.0]
2286	[0.0, 0.0, 0.0, 1.0, 0.0, 0.0, 0.0]
2287	[0.0, 0.0, 0.0, 1.0, 0.0, 0.0, 0.0]
2288	[0.0, 0.0, 0.0, 1.0, 0.0, 0.0, 0.0]
2289	[0.0, 0.0, 0.0, 1.0, 0.0, 0.0, 0.0]
2290	[0.0, 0.0, 0.0, 1.0, 0.0, 0.0, 0.0]
2291	[0.0, 0.0, 0.0, 1.0, 0.0, 0.0, 0.0]
2292	[0.0, 0.0, 0.0, 1.0, 0.0, 0.0, 0.0]
2293	[0.0, 0.0, 0.0, 1.0, 0.0, 0.0, 0.0]
2294	[0.0, 0.0, 0.0, 1.0, 0.0, 0.0, 0.0]
2295	[0.0, 0.0, 0.0, 1.0, 0.0, 0.0, 0.0]
2296	[0.0, 0.0, 0.0, 1.0, 0.0, 0.0, 0.0]
2297	[0.0, 0.0, 0.0, 1.0, 0.0, 0.0, 0.0]
2298	[0.0, 0.0, 0.0, 1.0, 0.0, 0.0, 0.0]
2299	[0.0, 0.0, 0.0, 1.0, 0.0, 0.0, 0.0]
2300	[0.0, 0.0, 0.0, 1.0, 0.0, 0.0, 0.0]
2301	[0.0, 0.0, 0.0, 1.0, 0.0, 0.0, 0.0]
2302	[0.0, 0.0, 0.0, 1.0, 0.0, 0.0, 0.0]
2303	[0.0, 0.0, 0.0, 1.0, 0.0, 0.0, 0.0]
2304	[0.0, 0.0, 0.0, 1.0, 0.0, 0.0, 0.0]
2305	[0.0, 0.0, 0.0, 1.0, 0.0, 0.0, 0.0]
2306	[0.0, 0.0, 0.0, 1.0, 0.0, 0.0, 0.0]
2307	[0.0, 0.0, 0.0, 1.0, 0.0, 0.0, 0.0]
2308	[0.0, 0.0, 0.0, 1.0, 0.0, 0.0, 0.0]
2309	[0.0, 0.0, 0.0, 1.0, 0.0, 0.0, 0.0]
2310	[0.0, 0.0, 0.0, 1.0, 0.0, 0.0, 0.0]
2311	[0.0, 0.0, 0.0, 1.0, 0.0, 0.0, 0.0]
2312	[0.0, 0.0, 0.0, 1.0, 0.0, 0.0, 0.0]
2313	[0.0, 0.0, 0.0, 1.0, 0.0, 0.0, 0.0]
2314	[0.0, 0.0, 0.0, 1.0, 0.0, 0.0, 0.0]
2315	[0.0, 0.0, 0.0, 1.0, 0.0, 0.0, 0.0]
2316	[0.0, 0.0, 0.0, 1.0, 0.0, 0.0, 0.0]
2317	[0.0, 0.0, 0.0, 1.0, 0.0, 0.0, 0.0]
2318	[0.0, 0.0, 0.0, 1.0, 0.0, 0.0, 0.0]
2319	[0.0, 0.0, 0.0, 1.0, 0.0, 0.0, 0.0]
2320	[0.0, 0.0, 0.0, 1.0, 0.0, 0.0, 0.0]
2321	[0.0, 0.0, 0.0, 1.0, 0.0, 0.0, 0.0]
2322	[0.0, 0.0, 0.0, 1.0, 0.0, 0.0, 0.0]
2323	[0.0, 0.0, 0.0, 1.0, 0.0, 0.0, 0.0]
2324	[0.0, 0.0, 0.0, 1.0, 0.0, 0.0, 0.0]
2325	[0.0, 0.0, 0.0, 1.0, 0.0, 0.0, 0.0]
2326	[0.0, 0.0, 0.0, 1.0, 0.0, 0.0, 0.0]
2327	[0.0, 0.0, 0.0, 1.0, 0.0, 0.0, 0.0]
2328	[0.0, 0.0, 0.0, 1.0, 0.0, 0.0, 0.0]
2329	[0.0, 0.0, 0.0, 1.0, 0.0, 0.0, 0.0]
2330	[0.0, 0.0, 0.0, 1.0, 0.0, 0.0, 0.0]
2331	[0.0, 0.0, 0.0, 1.0, 0.0, 0.0, 0.0]
2332	[0.0, 0.0, 0.0, 1.0, 0.0, 0.0, 0.0]
2333	[0.0, 0.0, 0.0, 1.0, 0.0, 0.0, 0.0]
2334	[0.0, 0.0, 0.0, 1.0, 0.0, 0.0, 0.0]
2335	[0.0, 0.0, 0.0, 1.0, 0.0, 0.0, 0.0]
2336	[0.0, 0.0, 0.0, 1.0, 0.0, 0.0, 0.0]
2337	[0.0, 0.0, 0.0, 1.0, 0.0, 0.0, 0.0]
2338	[0.0, 0.0, 0.0, 1.0, 0.0, 0.0, 0.0]
2339	[0.0, 0.0, 0.0, 1.0, 0.0, 0.0, 0.0]
2574	[0.0, 0.0, 0.0, 0.0, 1.0, 0.0, 0.0]
2575	[0.0, 0.0, 0.0, 0.0, 1.0, 0.0, 0.0]
2576	[0.0, 0.0, 0.0, 0.0, 1.0, 0.0, 0.0]
2577	[0.0, 0.0, 0.0, 0.0, 1.0, 0.0, 0.0]
2578	[0.0, 0.0, 0.0, 0.0, 1.0, 0.0, 0.0]
2579	[0.0, 0.0, 0.0, 0.0, 1.0, 0.0, 0.0]
2580	[0.0, 0.0, 0.0, 0.0, 1.0, 0.0, 0.0]
2581	[0.0, 0.0, 0.0, 0.0, 1.0, 0.0, 0.0]
2582	[0.0, 0.0, 0.0, 0.0, 1.0, 0.0, 0.0]
2583	[0.0, 0.0, 0.0, 0.0, 1.0, 0.0, 0.0]
2584	[0.0, 0.0, 0.0, 0.0, 1.0, 0.0, 0.0]
2585	[0.0, 0.0, 0.0, 0.0, 1.0, 0.0, 0.0]
2586	[0.0, 0.0, 0.0, 0.0, 1.0, 0.0, 0.0]
2587	[0.0, 0.0, 0.0, 0.0, 1.0, 0.0, 0.0]
2588	[0.0, 0.0, 0.0, 0.0, 1.0, 0.0, 0.0]
2589	[0.0, 0.0, 0.0, 0.0, 1.0, 0.0, 0.0]
2590	[0.0, 0.0, 0.0, 0.0, 1.0, 0.0, 0.0]
2591	[0.0, 0.0, 0.0, 0.0, 1.0, 0.0, 0.0]
2592	[0.0, 0.0, 0.0, 0.0, 1.0, 0.0, 0.0]
2593	[0.0, 0.0, 0.0, 0.0, 1.0, 0.0, 0.0]
2594	[0.0, 0.0, 0.0, 0.0, 1.0, 0.0, 0.0]
2595	[0.0, 0.0, 0.0, 0.0, 1.0, 0.0, 0.0]
2596	[0.0, 0.0, 0.0, 0.0, 1.0, 0.0, 0.0]
2597	[0.0, 0.0, 0.0, 0.0, 1.0, 0.0, 0.0]
2598	[0.0, 0.0, 0.0, 0.0, 1.0, 0.0, 0.0]
2599	[0.0, 0.0, 0.0, 0.0, 1.0, 0.0, 0.0]
2600	[0.0, 0.0, 0.0, 0.0, 1.0, 0.0, 0.0]
2601	[0.0, 0.0, 0.0, 0.0, 1.0, 0.0, 0.0]
2602	[0.0, 0.0, 0.0, 0.0, 1.0, 0.0, 0.0]
2603	[0.0, 0.0, 0.0, 0.0, 1.0, 0.0, 0.0]
2604	[0.0, 0.0, 0.0, 0.0, 1.0, 0.0, 0.0]
2605	[0.0, 0.0, 0.0, 0.0, 1.0, 0.0, 0.0]
2606	[0.0, 0.0, 0.0, 0.0, 1.0, 0.0, 0.0]
2607	[0.0, 0.0, 0.0, 0.0, 1.0, 0.0, 0.0]
2608	[0.0, 0.0, 0.0, 0.0, 1.0, 0.0, 0.0]
2609	[0.0, 0.0, 0.0, 0.0, 1.0, 0.0, 0.0]
2610	[0.0, 0.0, 0.0, 0.0, 1.0, 0.0, 0.0]
2611	[0.0, 0.0, 0.0, 0.0, 1.0, 0.0, 0.0]
2612	[0.0, 0.0, 0.0, 0.0, 1.0, 0.0, 0.0]
2613	[0.0, 0.0, 0.0, 0.0, 1.0, 0.0, 0.0]
2614	[0.0, 0.0, 0.0, 0.0, 1.0, 0.0, 0.0]
2615	[0.0, 0.0, 0.0, 0.0, 1.0, 0.0, 0.0]
2616	[0.0, 0.0, 0.0, 0.0, 1.0, 0.0, 0.0]
2617	[0.0, 0.0, 0.0, 0.0, 1.0, 0.0, 0.0]
2618	[0.0, 0.0, 0.0, 0.0, 1.0, 0.0, 0.0]
2619	[0.0, 0.0, 0.0, 0.0, 1.0, 0.0, 0.0]
2620	[0.0, 0.0, 0.0, 0.0, 1.0, 0.0, 0.0]
2621	[0.0, 0.0, 0.0, 0.0, 1.0, 0.0, 0.0]
2622	[0.0, 0.0, 0.0, 0.0, 1.0, 0.0, 0.0]
2623	[0.0, 0.0, 0.0, 0.0, 1.0, 0.0, 0.0]
2624	[0.0, 0.0, 0.0, 0.0, 1.0, 0.0, 0.0]
2625	[0.0, 0.0, 0.0, 0.0, 1.0, 0.0, 0.0]
2626	[0.0, 0.0, 0.0, 0.0, 1.0, 0.0, 0.0]
2627	[0.0, 0.0, 0.0, 0.0, 1.0, 0.0, 0.0]
2628	[0.0, 0.0, 0.0, 0.0, 1.0, 0.0, 0.0]
2629	[0.0, 0.0, 0.0, 0.0, 1.0, 0.0, 0.0]
2630	[0.0, 0.0, 0.0, 0.0, 1.0, 0.0, 0.0]
2631	[0.0, 0.0, 0.0, 0.0, 1.0, 0.0, 0.0]
2632	[0.0, 0.0, 0.0, 0.0, 1.0, 0.0, 0.0]
2633	[0.0, 0.0, 0.0, 0.0, 1.0, 0.0, 0.0]
2634	[0.0, 0.0, 0.0, 0.0, 1.0, 0.0, 0.0]
2635	[0.0, 0.0, 0.0, 0.0, 1.0, 0.0, 0.0]
2636	[0.0, 0.0, 0.0, 0.0, 1.0, 0.0, 0.0]
2637	[0.0, 0.0, 0.0, 0.0, 1.0, 0.0, 0.0]
2638	[0.0, 0.0, 0.0, 0.0, 1.0, 0.0, 0.0]
2639	[0.0, 0.0, 0.0, 0.0, 1.0, 0.0, 0.0]
2640	[0.0, 0.0, 0.0, 0.0, 1.0, 0.0, 0.0]
2641	[0.0, 0.0, 0.0, 0.0, 1.0, 0.0, 0.0]
2642	[0.0, 0.0, 0.0, 0.0, 1.0, 0.0, 0.0]
2643	[0.0, 0.0, 0.0, 0.0, 1.0, 0.0, 0.0]
2644	[0.0, 0.0, 0.0, 0.0, 1.0, 0.0, 0.0]
2645	[0.0, 0.0, 0.0, 0.0, 1.0, 0.0, 0.0]
2646	[0.0, 0.0, 0.0, 0.0, 1.0, 0.0, 0.0]
2647	[0.0, 0.0, 0.0, 0.0, 1.0, 0.0, 0.0]
2648	[0.0, 0.0, 0.0, 0.0, 1.0, 0.0, 0.0]
2649	[0.0, 0.0, 0.0, 0.0, 1.0, 0.0, 0.0]
2650	[0.0, 0.0, 0.0, 0.0, 1.0, 0.0, 0.0]
2651	[0.0, 0.0, 0.0, 0.0, 1.0, 0.0, 0.0]
2652	[0.0, 0.0, 0.0, 0.0, 1.0, 0.0, 0.0]
2653	[0.0, 0.0, 0.0, 0.0, 1.0, 0.0, 0.0]
2654	[0.0, 0.0, 0.0, 0.0, 1.0, 0.0, 0.0]
2655	[0.0, 0.0, 0.0, 0.0, 1.0, 0.0, 0.0]
2656	[0.0, 0.0, 0.0, 0.0, 1.0, 0.0, 0.0]
2657	[0.0, 0.0, 0.0, 0.0, 1.0, 0.0, 0.0]
2658	[0.0, 0.0, 0.0, 0.0, 1.0, 0.0, 0.0]
2659	[0.0, 0.0, 0.0, 0.0, 1.0, 0.0, 0.0]
2660	[0.0, 0.0, 0.0, 0.0, 1.0, 0.0, 0.0]
2661	[0.0, 0.0, 0.0, 0.0, 1.0, 0.0, 0.0]
2662	[0.0, 0.0, 0.0, 0.0, 1.0, 0.0, 0.0]
2663	[0.0, 0.0, 0.0, 0.0, 1.0, 0.0, 0.0]
2664	[0.0, 0.0, 0.0, 0.0, 1.0, 0.0, 0.0]
2665	[0.0, 0.0, 0.0, 0.0, 1.0, 0.0, 0.0]
2666	[0.0, 0.0, 0.0, 0.0, 1.0, 0.0, 0.0]
2667	[0.0, 0.0, 0.0, 0.0, 1.0, 0.0, 0.0]
2668	[0.0, 0.0, 0.0, 0.0, 1.0, 0.0, 0.0]
2669	[0.0, 0.0, 0.0, 0.0, 1.0, 0.0, 0.0]
2670	[0.0, 0.0, 0.0, 0.0, 1.0, 0.0, 0.0]
2671	[0.0, 0.0, 0.0, 0.0, 1.0, 0.0, 0.0]
2672	[0.0, 0.0, 0.0, 0.0, 1.0, 0.0, 0.0]
2673	[0.0, 0.0, 0.0, 0.0, 1.0, 0.0, 0.0]
2674	[0.0, 0.0, 0.0, 0.0, 1.0, 0.0, 0.0]
2675	[0.0, 0.0, 0.0, 0.0, 1.0, 0.0, 0.0]
2676	[0.0, 0.0, 0.0, 0.0, 1.0, 0.0, 0.0]
2677	[0.0, 0.0, 0.0, 0.0, 1.0, 0.0, 0.0]
2678	[0.0, 0.0, 0.0, 0.0, 1.0, 0.0, 0.0]
2679	[0.0, 0.0, 0.0, 0.0, 1.0, 0.0, 0.0]
2680	[0.0, 0.0, 0.0, 0.0, 1.0, 0.0, 0.0]
2681	[0.0, 0.0, 0.0, 0.0, 1.0, 0.0, 0.0]
2682	[0.0, 0.0, 0.0, 0.0, 1.0, 0.0, 0.0]
2683	[0.0, 0.0, 0.0, 0.0, 1.0, 0.0, 0.0]
2684	[0.0, 0.0, 0.0, 0.0, 1.0, 0.0, 0.0]
2685	[0.0, 0.0, 0.0, 0.0, 1.0, 0.0, 0.0]
2686	[0.0, 0.0, 0.0, 0.0, 1.0, 0.0, 0.0]
2687	[0.0, 0.0, 0.0, 0.0, 1.0, 0.0, 0.0]
2688	[0.0, 0.0, 0.0, 0.0, 1.0, 0.0, 0.0]
2689	[0.0, 0.0, 0.0, 0.0, 1.0, 0.0, 0.0]
2690	[0.0, 0.0, 0.0, 0.0, 1.0, 0.0, 0.0]
2691	[0.0, 0.0, 0.0, 0.0, 1.0, 0.0, 0.0]
2692	[0.0, 0.0, 0.0, 0.0, 1.0, 0.0, 0.0]
2693	[0.0, 0.0, 0.0, 0.0, 1.0, 0.0, 0.0]
2694	[0.0, 0.0, 0.0, 0.0, 1.0, 0.0, 0.0]
2695	[0.0, 0.0, 0.0, 0.0, 1.0, 0.0, 0.0]
2696	[0.0, 0.0, 0.0, 0.0, 1.0, 0.0, 0.0]
2697	[0.0, 0.0, 0.0, 0.0, 1.0, 0.0, 0.0]
2698	[0.0, 0.0, 0.0, 0.0, 1.0, 0.0, 0.0]
2699	[0.0, 0.0, 0.0, 0.0, 1.0, 0.0, 0.0]
2700	[0.0, 0.0, 0.0, 0.0, 1.0, 0.0, 0.0]
2701	[0.0, 0.0, 0.0, 0.0, 1.0, 0.0, 0.0]
2702	[0.0, 0.0, 0.0, 0.0, 1.0, 0.0, 0.0]
2703	[0.0, 0.0, 0.0, 0.0, 1.0, 0.0, 0.0]
2704	[0.0, 0.0, 0.0, 0.0, 1.0, 0.0, 0.0]
2705	[0.0, 0.0, 0.0, 0.0, 1.0, 0.0, 0.0]
2706	[0.0, 0.0, 0.0, 0.0, 1.0, 0.0, 0.0]
2707	[0.0, 0.0, 0.0, 0.0, 1.0, 0.0, 0.0]
2708	[0.0, 0.0, 0.0, 0.0, 1.0, 0.0, 0.0]
2709	[0.0, 0.0, 0.0, 0.0, 1.0, 0.0, 0.0]
2710	[0.0, 0.0, 0.0, 0.0, 1.0, 0.0, 0.0]
2711	[0.0, 0.0, 0.0, 0.0, 1.0, 0.0, 0.0]
2712	[0.0, 0.0, 0.0, 0.0, 1.0, 0.0, 0.0]
2713	[0.0, 0.0, 0.0, 0.0, 1.0, 0.0, 0.0]
2714	[0.0, 0.0, 0.0, 0.0, 1.0, 0.0, 0.0]
2715	[0.0, 0.0, 0.0, 0.0, 1.0, 0.0, 0.0]
2716	[0.0, 0.0, 0.0, 0.0, 1.0, 0.0, 0.0]
2717	[0.0, 0.0, 0.0, 0.0, 1.0, 0.0, 0.0]
2718	[0.0, 0.0, 0.0, 0.0, 1.0, 0.0, 0.0]
2719	[0.0, 0.0, 0.0, 0.0, 1.0, 0.0, 0.0]
2720	[0.0, 0.0, 0.0, 0.0, 1.0, 0.0, 0.0]
2721	[0.0, 0.0, 0.0, 0.0, 1.0, 0.0, 0.0]
2722	[0.0, 0.0, 0.0, 0.0, 1.0, 0.0, 0.0]
2723	[0.0, 0.0, 0.0, 0.0, 1.0, 0.0, 0.0]
2724	[0.0, 0.0, 0.0, 0.0, 1.0, 0.0, 0.0]
2725	[0.0, 0.0, 0.0, 0.0, 1.0, 0.0, 0.0]
2726	[0.0, 0.0, 0.0, 0.0, 1.0, 0.0, 0.0]
2727	[0.0, 0.0, 0.0, 0.0, 1.0, 0.0, 0.0]
2728	[0.0, 0.0, 0.0, 0.0, 1.0, 0.0, 0.0]
2729	[0.0, 0.0, 0.0, 0.0, 1.0, 0.0, 0.0]
2730	[0.0, 0.0, 0.0, 0.0, 1.0, 0.0, 0.0]
2731	[0.0, 0.0, 0.0, 0.0, 1.0, 0.0, 0.0]
2732	[0.0, 0.0, 0.0, 0.0, 1.0, 0.0, 0.0]
2733	[0.0, 0.0, 0.0, 0.0, 1.0, 0.0, 0.0]
2734	[0.0, 0.0, 0.0, 0.0, 1.0, 0.0, 0.0]
2735	[0.0, 0.0, 0.0, 0.0, 1.0, 0.0, 0.0]
2736	[0.0, 0.0, 0.0, 0.0, 1.0, 0.0, 0.0]
2737	[0.0, 0.0, 0.0, 0.0, 1.0, 0.0, 0.0]
2738	[0.0, 0.0, 0.0, 0.0, 1.0, 0.0, 0.0]
2739	[0.0, 0.0, 0.0, 0.0, 1.0, 0.0, 0.0]
2740	[0.0, 0.0, 0.0, 0.0, 1.0, 0.0, 0.0]
2741	[0.0, 0.0, 0.0, 0.0, 1.0, 0.0, 0.0]
2742	[0.0, 0.0, 0.0, 0.0, 1.0, 0.0, 0.0]
2743	[0.0, 0.0, 0.0, 0.0, 1.0, 0.0, 0.0]
2744	[0.0, 0.0, 0.0, 0.0, 1.0, 0.0, 0.0]
2745	[0.0, 0.0, 0.0, 0.0, 1.0, 0.0, 0.0]
2746	[0.0, 0.0, 0.0, 0.0, 1.0, 0.0, 0.0]
2747	[0.0, 0.0, 0.0, 0.0, 1.0, 0.0, 0.0]
2748	[0.0, 0.0, 0.0, 0.0, 1.0, 0.0, 0.0]
2749	[0.0, 0.0, 0.0, 0.0, 1.0, 0.0, 0.0]
2750	[0.0, 0.0, 0.0, 0.0, 1.0, 0.0, 0.0]
2751	[0.0, 0.0, 0.0, 0.0, 1.0, 0.0, 0.0]
2752	[0.0, 0.0, 0.0, 0.0, 1.0, 0.0, 0.0]
2753	[0.0, 0.0, 0.0, 0.0, 1.0, 0.0, 0.0]
2754	[0.0, 0.0, 0.0, 0.0, 1.0, 0.0, 0.0]
2755	[0.0, 0.0, 0.0, 0.0, 1.0, 0.0, 0.0]
2756	[0.0, 0.0, 0.0, 0.0, 1.0, 0.0, 0.0]
2757	[0.0, 0.0, 0.0, 0.0, 1.0, 0.0, 0.0]
2758	[0.0, 0.0, 0.0, 0.0, 1.0, 0.0, 0.0]
2759	[0.0, 0.0, 0.0, 0.0, 1.0, 0.0, 0.0]
2760	[0.0, 0.0, 0.0, 0.0, 1.0, 0.0, 0.0]
2761	[0.0, 0.0, 0.0, 0.0, 1.0, 0.0, 0.0]
2762	[0.0, 0.0, 0.0, 0.0, 1.0, 0.0, 0.0]
2763	[0.0, 0.0, 0.0, 0.0, 1.0, 0.0, 0.0]
2764	[0.0, 0.0, 0.0, 0.0, 1.0, 0.0, 0.0]
2765	[0.0, 0.0, 0.0, 0.0, 1.0, 0.0, 0.0]
2766	[0.0, 0.0, 0.0, 0.0, 1.0, 0.0, 0.0]
2767	[0.0, 0.0, 0.0, 0.0, 1.0, 0.0, 0.0]
2768	[0.0, 0.0, 0.0, 0.0, 1.0, 0.0, 0.0]
2769	[0.0, 0.0, 0.0, 0.0, 1.0, 0.0, 0.0]
2770	[0.0, 0.0, 0.0, 0.0, 1.0, 0.0, 0.0]
2771	[0.0, 0.0, 0.0, 0.0, 1.0, 0.0, 0.0]
2772	[0.0, 0.0, 0.0, 0.0, 1.0, 0.0, 0.0]
2773	[0.0, 0.0, 0.0, 0.0, 1.0, 0.0, 0.0]
2774	[0.0, 0.0, 0.0, 0.0, 1.0, 0.0, 0.0]
2775	[0.0, 0.0, 0.0, 0.0, 1.0, 0.0, 0.0]
2776	[0.0, 0.0, 0.0, 0.0, 1.0, 0.0, 0.0]
2777	[0.0, 0.0, 0.0, 0.0, 1.0, 0.0, 0.0]
2778	[0.0, 0.0, 0.0, 0.0, 1.0, 0.0, 0.0]
2779	[0.0, 0.0, 0.0, 0.0, 1.0, 0.0, 0.0]
2780	[0.0, 0.0, 0.0, 0.0, 1.0, 0.0, 0.0]
2781	[0.0, 0.0, 0.0, 0.0, 1.0, 0.0, 0.0]
2782	[0.0, 0.0, 0.0, 0.0, 1.0, 0.0, 0.0]
2783	[0.0, 0.0, 0.0, 0.0, 1.0, 0.0, 0.0]
2784	[0.0, 0.0, 0.0, 0.0, 1.0, 0.0, 0.0]
2785	[0.0, 0.0, 0.0, 0.0, 1.0, 0.0, 0.0]
2786	[0.0, 0.0, 0.0, 0.0, 1.0, 0.0, 0.0]
2787	[0.0, 0.0, 0.0, 0.0, 1.0, 0.0, 0.0]
2788	[0.0, 0.0, 0.0, 0.0, 1.0, 0.0, 0.0]
2789	[0.0, 0.0, 0.0, 0.0, 1.0, 0.0, 0.0]
2790	[0.0, 0.0, 0.0, 0.0, 1.0, 0.0, 0.0]
2791	[0.0, 0.0, 0.0, 0.0, 1.0, 0.0, 0.0]
2792	[0.0, 0.0, 0.0, 0.0, 1.0, 0.0, 0.0]
2793	[0.0, 0.0, 0.0, 0.0, 1.0, 0.0, 0.0]
2794	[0.0, 0.0, 0.0, 0.0, 1.0, 0.0, 0.0]
2795	[0.0, 0.0, 0.0, 0.0, 1.0, 0.0, 0.0]
2796	[0.0, 0.0, 0.0, 0.0, 1.0, 0.0, 0.0]
2797	[0.0, 0.0, 0.0, 0.0, 1.0, 0.0, 0.0]
2798	[0.0, 0.0, 0.0, 0.0, 1.0, 0.0, 0.0]
2799	[0.0, 0.0, 0.0, 0.0, 1.0, 0.0, 0.0]
2800	[0.0, 0.0, 0.0, 0.0, 1.0, 0.0, 0.0]
2801	[0.0, 0.0, 0.0, 0.0, 1.0, 0.0, 0.0]
2802	[0.0, 0.0, 0.0, 0.0, 1.0, 0.0, 0.0]
2803	[0.0, 0.0, 0.0, 0.0, 1.0, 0.0, 0.0]
2804	[0.0, 0.0, 0.0, 0.0, 1.0, 0.0, 0.0]
2805	[0.0, 0.0, 0.0, 0.0, 1.0, 0.0, 0.0]
2806	[0.0, 0.0, 0.0, 0.0, 1.0, 0.0, 0.0]
2807	[0.0, 0.0, 0.0, 0.0, 1.0, 0.0, 0.0]
3042	[0.0, 0.0, 0.0, 0.0, 0.0, 1.0, 0.0]
3043	[0.0, 0.0, 0.0, 0.0, 0.0, 1.0, 0.0]
3044	[0.0, 0.0, 0.0, 0.0, 0.0, 1.0, 0.0]
3045	[0.0, 0.0, 0.0, 0.0, 0.0, 1.0, 0.0]
3046	[0.0, 0.0, 0.0, 0.0, 0.0, 1.0, 0.0]
3047	[0.0, 0.0, 0.0, 0.0, 0.0, 1.0, 0.0]
3048	[0.0, 0.0, 0.0, 0.0, 0.0, 1.0, 0.0]
3049	[0.0, 0.0, 0.0, 0.0, 0.0, 1.0, 0.0]
3050	[0.0, 0.0, 0.0, 0.0, 0.0, 1.0, 0.0]
3051	[0.0, 0.0, 0.0, 0.0, 0.0, 1.0, 0.0]
3052	[0.0, 0.0, 0.0, 0.0, 0.0, 1.0, 0.0]
3053	[0.0, 0.0, 0.0, 0.0, 0.0, 1.0, 0.0]
3054	[0.0, 0.0, 0.0, 0.0, 0.0, 1.0, 0.0]
3055	[0.0, 0.0, 0.0, 0.0, 0.0, 1.0, 0.0]
3056	[0.0, 0.0, 0.0, 0.0, 0.0, 1.0, 0.0]
3057	[0.0, 0.0, 0.0, 0.0, 0.0, 1.0, 0.0]
3058	[0.0, 0.0, 0.0, 0.0, 0.0, 1.0, 0.0]
3059	[0.0, 0.0, 0.0, 0.0, 0.0, 1.0, 0.0]
3060	[0.0, 0.0, 0.0, 0.0, 0.0, 1.0, 0.0]
3061	[0.0, 0.0, 0.0, 0.0, 0.0, 1.0, 0.0]
3062	[0.0, 0.0, 0.0, 0.0, 0.0, 1.0, 0.0]
3063	[0.0, 0.0, 0.0, 0.0, 0.0, 1.0, 0.0]
3064	[0.0, 0.0, 0.0, 0.0, 0.0, 1.0, 0.0]
3065	[0.0, 0.0, 0.0, 0.0, 0.0, 1.0, 0.0]
3066	[0.0, 0.0, 0.0, 0.0, 0.0, 1.0, 0.0]
3067	[0.0, 0.0, 0.0, 0.0, 0.0, 1.0, 0.0]
3068	[0.0, 0.0, 0.0, 0.0, 0.0, 1.0, 0.0]
3069	[0.0, 0.0, 0.0, 0.0, 0.0, 1.0, 0.0]
3070	[0.0, 0.0, 0.0, 0.0, 0.0, 1.0, 0.0]
3071	[0.0, 0.0, 0.0, 0.0, 0.0, 1.0, 0.0]
3072	[0.0, 0.0, 0.0, 0.0, 0.0, 1.0, 0.0]
3073	[0.0, 0.0, 0.0, 0.0, 0.0, 1.0, 0.0]
3074	[0.0, 0.0, 0.0, 0.0, 0.0, 1.0, 0.0]
3075	[0.0, 0.0, 0.0, 0.0, 0.0, 1.0, 0.0]
3076	[0.0, 0.0, 0.0, 0.0, 0.0, 1.0, 0.0]
3077	[0.0, 0.0, 0.0, 0.0, 0.0, 1.0, 0.0]
3078	[0.0, 0.0, 0.0, 0.0, 0.0, 1.0, 0.0]
3079	[0.0, 0.0, 0.0, 0.0, 0.0, 1.0, 0.0]
3080	[0.0, 0.0, 0.0, 0.0, 0.0, 1.0, 0.0]
3081	[0.0, 0.0, 0.0, 0.0, 0.0, 1.0, 0.0]
3082	[0.0, 0.0, 0.0, 0.0, 0.0, 1.0, 0.0]
3083	[0.0, 0.0, 0.0, 0.0, 0.0, 1.0, 0.0]
3084	[0.0, 0.0, 0.0, 0.0, 0.0, 1.0, 0.0]
3085	[0.0, 0.0, 0.0, 0.0, 0.0, 1.0, 0.0]
3086	[0.0, 0.0, 0.0, 0.0, 0.0, 1.0, 0.0]
3087	[0.0, 0.0, 0.0, 0.0, 0.0, 1.0, 0.0]
3088	[0.0, 0.0, 0.0, 0.0, 0.0, 1.0, 0.0]
3089	[0.0, 0.0, 0.0, 0.0, 0.0, 1.0, 0.0]
3090	[0.0, 0.0, 0.0, 0.0, 0.0, 1.0, 0.0]
3091	[0.0, 0.0, 0.0, 0.0, 0.0, 1.0, 0.0]
3092	[0.0, 0.0, 0.0, 0.0, 0.0, 1.0, 0.0]
3093	[0.0, 0.0, 0.0, 0.0, 0.0, 1.0, 0.0]
3094	[0.0, 0.0, 0.0, 0.0, 0.0, 1.0, 0.0]
3095	[0.0, 0.0, 0.0, 0.0, 0.0, 1.0, 0.0]
3096	[0.0, 0.0, 0.0, 0.0, 0.0, 1.0, 0.0]
3097	[0.0, 0.0, 0.0, 0.0, 0.0, 1.0, 0.0]
3098	[0.0, 0.0, 0.0, 0.0, 0.0, 1.0, 0.0]
3099	[0.0, 0.0, 0.0, 0.0, 0.0, 1.0, 0.0]
3100	[0.0, 0.0, 0.0, 0.0, 0.0, 1.0, 0.0]
3101	[0.0, 0.0, 0.0, 0.0, 0.0, 1.0, 0.0]
3102	[0.0, 0.0, 0.0, 0.0, 0.0, 1.0, 0.0]
3103	[0.0, 0.0, 0.0, 0.0, 0.0, 1.0, 0.0]
3104	[0.0, 0.0, 0.0, 0.0, 0.0, 1.0, 0.0]
3105	[0.0, 0.0, 0.0, 0.0, 0.0, 1.0, 0.0]
3106	[0.0, 0.0, 0.0, 0.0, 0.0, 1.0, 0.0]
3107	[0.0, 0.0, 0.0, 0.0, 0.0, 1.0, 0.0]
3108	[0.0, 0.0, 0.0, 0.0, 0.0, 1.0, 0.0]
3109	[0.0, 0.0, 0.0, 0.0, 0.0, 1.0, 0.0]
3110	[0.0, 0.0, 0.0, 0.0, 0.0, 1.0, 0.0]
3111	[0.0, 0.0, 0.0, 0.0, 0.0, 1.0, 0.0]
3112	[0.0, 0.0, 0.0, 0.0, 0.0, 1.0, 0.0]
3113	[0.0, 0.0, 0.0, 0.0, 0.0, 1.0, 0.0]
3114	[0.0, 0.0, 0.0, 0.0, 0.0, 1.0, 0.0]
3115	[0.0, 0.0, 0.0, 0.0, 0.0, 1.0, 0.0]
3116	[0.0, 0.0, 0.0, 0.0, 0.0, 1.0, 0.0]
3117	[0.0, 0.0, 0.0, 0.0, 0.0, 1.0, 0.0]
3118	[0.0, 0.0, 0.0, 0.0, 0.0, 1.0, 0.0]
3119	[0.0, 0.0, 0.0, 0.0, 0.0, 1.0, 0.0]
3120	[0.0, 0.0, 0.0, 0.0, 0.0, 1.0, 0.0]
3121	[0.0, 0.0, 0.0, 0.0, 0.0, 1.0, 0.0]
3122	[0.0, 0.0, 0.0, 0.0, 0.0, 1.0, 0.0]
3123	[0.0, 0.0, 0.0, 0.0, 0.0, 1.0, 0.0]
3124	[0.0, 0.0, 0.0, 0.0, 0.0, 1.0, 0.0]
3125	[0.0, 0.0, 0.0, 0.0, 0.0, 1.0, 0.0]
3126	[0.0, 0.0, 0.0, 0.0, 0.0, 1.0, 0.0]
3127	[0.0, 0.0, 0.0, 0.0, 0.0, 1.0, 0.0]
3128	[0.0, 0.0, 0.0, 0.0, 0.0, 1.0, 0.0]
3129	[0.0, 0.0, 0.0, 0.0, 0.0, 1.0, 0.0]
3130	[0.0, 0.0, 0.0, 0.0, 0.0, 1.0, 0.0]
3131	[0.0, 0.0, 0.0, 0.0, 0.0, 1.0, 0.0]
3132	[0.0, 0.0, 0.0, 0.0, 0.0, 1.0, 0.0]
3133	[0.0, 0.0, 0.0, 0.0, 0.0, 1.0, 0.0]
3134	[0.0, 0.0, 0.0, 0.0, 0.0, 1.0, 0.0]
3135	[0.0, 0.0, 0.0, 0.0, 0.0, 1.0, 0.0]
3136	[0.0, 0.0, 0.0, 0.0, 0.0, 1.0, 0.0]
3137	[0.0, 0.0, 0.0, 0.0, 0.0, 1.0, 0.0]
3138	[0.0, 0.0, 0.0, 0.0, 0.0, 1.0, 0.0]
3139	[0.0, 0.0, 0.0, 0.0, 0.0, 1.0, 0.0]
3140	[0.0, 0.0, 0.0, 0.0, 0.0, 1.0, 0.0]
3141	[0.0, 0.0, 0.0, 0.0, 0.0, 1.0, 0.0]
3142	[0.0, 0.0, 0.0, 0.0, 0.0, 1.0, 0.0]
3143	[0.0, 0.0, 0.0, 0.0, 0.0, 1.0, 0.0]
3144	[0.0, 0.0, 0.0, 0.0, 0.0, 1.0, 0.0]
3145	[0.0, 0.0, 0.0, 0.0, 0.0, 1.0, 0.0]
3146	[0.0, 0.0, 0.0, 0.0, 0.0, 1.0, 0.0]
3147	[0.0, 0.0, 0.0, 0.0, 0.0, 1.0, 0.0]
3148	[0.0, 0.0, 0.0, 0.0, 0.0, 1.0, 0.0]
3149	[0.0, 0.0, 0.0, 0.0, 0.0, 1.0, 0.0]
3150	[0.0, 0.0, 0.0, 0.0, 0.0, 1.0, 0.0]
3151	[0.0, 0.0, 0.0, 0.0, 0.0, 1.0, 0.0]
3152	[0.0, 0.0, 0.0, 0.0, 0.0, 1.0, 0.0]
3153	[0.0, 0.0, 0.0, 0.0, 0.0, 1.0, 0.0]
3154	[0.0, 0.0, 0.0, 0.0, 0.0, 1.0, 0.0]
3155	[0.0, 0.0, 0.0, 0.0, 0.0, 1.0, 0.0]
3156	[0.0, 0.0, 0.0, 0.0, 0.0, 1.0, 0.0]
3157	[0.0, 0.0, 0.0, 0.0, 0.0, 1.0, 0.0]
3158	[0.0, 0.0, 0.0, 0.0, 0.0, 1.0, 0.0]
3159	[0.0, 0.0, 0.0, 0.0, 0.0, 1.0, 0.0]
3160	[0.0, 0.0, 0.0, 0.0, 0.0, 1.0, 0.0]
3161	[0.0, 0.0, 0.0, 0.0, 0.0, 1.0, 0.0]
3162	[0.0, 0.0, 0.0, 0.0, 0.0, 1.0, 0.0]
3163	[0.0, 0.0, 0.0, 0.0, 0.0, 1.0, 0.0]
3164	[0.0, 0.0, 0.0, 0.0, 0.0, 1.0, 0.0]
3165	[0.0, 0.0, 0.0, 0.0, 0.0, 1.0, 0.0]
3166	[0.0, 0.0, 0.0, 0.0, 0.0, 1.0, 0.0]
3167	[0.0, 0.0, 0.0, 0.0, 0.0, 1.0, 0.0]
3168	[0.0, 0.0, 0.0, 0.0, 0.0, 1.0, 0.0]
3169	[0.0, 0.0, 0.0, 0.0, 0.0, 1.0, 0.0]
3170	[0.0, 0.0, 0.0, 0.0, 0.0, 1.0, 0.0]
3171	[0.0, 0.0, 0.0, 0.0, 0.0, 1.0, 0.0]
3172	[0.0, 0.0, 0.0, 0.0, 0.0, 1.0, 0.0]
3173	[0.0, 0.0, 0.0, 0.0, 0.0, 1.0, 0.0]
3174	[0.0, 0.0, 0.0, 0.0, 0.0, 1.0, 0.0]
3175	[0.0, 0.0, 0.0, 0.0, 0.0, 1.0, 0.0]
3176	[0.0, 0.0, 0.0, 0.0, 0.0, 1.0, 0.0]
3177	[0.0, 0.0, 0.0, 0.0, 0.0, 1.0, 0.0]
3178	[0.0, 0.0, 0.0, 0.0, 0.0, 1.0, 0.0]
3179	[0.0, 0.0, 0.0, 0.0, 0.0, 1.0, 0.0]
3180	[0.0, 0.0, 0.0, 0.0, 0.0, 1.0, 0.0]
3181	[0.0, 0.0, 0.0, 0.0, 0.0, 1.0, 0.0]
3182	[0.0, 0.0, 0.0, 0.0, 0.0, 1.0, 0.0]
3183	[0.0, 0.0, 0.0, 0.0, 0.0, 1.0, 0.0]
3184	[0.0, 0.0, 0.0, 0.0, 0.0, 1.0, 0.0]
3185	[0.0, 0.0, 0.0, 0.0, 0.0, 1.0, 0.0]
3186	[0.0, 0.0, 0.0, 0.0, 0.0, 1.0, 0.0]
3187	[0.0, 0.0, 0.0, 0.0, 0.0, 1.0, 0.0]
3188	[0.0, 0.0, 0.0, 0.0, 0.0, 1.0, 0.0]
3189	[0.0, 0.0, 0.0, 0.0, 0.0, 1.0, 0.0]
3190	[0.0, 0.0, 0.0, 0.0, 0.0, 1.0, 0.0]
3191	[0.0, 0.0, 0.0, 0.0, 0.0, 1.0, 0.0]
3192	[0.0, 0.0, 0.0, 0.0, 0.0, 1.0, 0.0]
3193	[0.0, 0.0, 0.0, 0.0, 0.0, 1.0, 0.0]
3194	[0.0, 0.0, 0.0, 0.0, 0.0, 1.0, 0.0]
3195	[0.0, 0.0, 0.0, 0.0, 0.0, 1.0, 0.0]
3196	[0.0, 0.0, 0.0, 0.0, 0.0, 1.0, 0.0]
3197	[0.0, 0.0, 0.0, 0.0, 0.0, 1.0, 0.0]
3198	[0.0, 0.0, 0.0, 0.0, 0.0, 1.0, 0.0]
3199	[0.0, 0.0, 0.0, 0.0, 0.0, 1.0, 0.0]
3200	[0.0, 0.0, 0.0, 0.0, 0.0, 1.0, 0.0]
3201	[0.0, 0.0, 0.0, 0.0, 0.0, 1.0, 0.0]
3202	[0.0, 0.0, 0.0, 0.0, 0.0, 1.0, 0.0]
3203	[0.0, 0.0, 0.0, 0.0, 0.0, 1.0, 0.0]
3204	[0.0, 0.0, 0.0, 0.0, 0.0, 1.0, 0.0]
3205	[0.0, 0.0, 0.0, 0.0, 0.0, 1.0, 0.0]
3206	[0.0, 0.0, 0.0, 0.0, 0.0, 1.0, 0.0]
3207	[0.0, 0.0, 0.0, 0.0, 0.0, 1.0, 0.0]
3208	[0.0, 0.0, 0.0, 0.0, 0.0, 1.0, 0.0]
3209	[0.0, 0.0, 0.0, 0.0, 0.0, 1.0, 0.0]
3210	[0.0, 0.0, 0.0, 0.0, 0.0, 1.0, 0.0]
3211	[0.0, 0.0, 0.0, 0.0, 0.0, 1.0, 0.0]
3212	[0.0, 0.0, 0.0, 0.0, 0.0, 1.0, 0.0]
3213	[0.0, 0.0, 0.0, 0.0, 0.0, 1.0, 0.0]
3214	[0.0, 0.0, 0.0, 0.0, 0.0, 1.0, 0.0]
3215	[0.0, 0.0, 0.0, 0.0, 0.0, 1.0, 0.0]
3216	[0.0, 0.0, 0.0, 0.0, 0.0, 1.0, 0.0]
3217	[0.0, 0.0, 0.0, 0.0, 0.0, 1.0, 0.0]
3218	[0.0, 0.0, 0.0, 0.0, 0.0, 1.0, 0.0]
3219	[0.0, 0.0, 0.0, 0.0, 0.0, 1.0, 0.0]
3220	[0.0, 0.0, 0.0, 0.0, 0.0, 1.0, 0.0]
3221	[0.0, 0.0, 0.0, 0.0, 0.0, 1.0, 0.0]
3222	[0.0, 0.0, 0.0, 0.0, 0.0, 1.0, 0.0]
3223	[0.0, 0.0, 0.0, 0.0, 0.0, 1.0, 0.0]
3224	[0.0, 0.0, 0.0, 0.0, 0.0, 1.0, 0.0]
3225	[0.0, 0.0, 0.0, 0.0, 0.0, 1.0, 0.0]
3226	[0.0, 0.0, 0.0, 0.0, 0.0, 1.0, 0.0]
3227	[0.0, 0.0, 0.0, 0.0, 0.0, 1.0, 0.0]
3228	[0.0, 0.0, 0.0, 0.0, 0.0, 1.0, 0.0]
3229	[0.0, 0.0, 0.0, 0.0, 0.0, 1.0, 0.0]
3230	[0.0, 0.0, 0.0, 0.0, 0.0, 1.0, 0.0]
3231	[0.0, 0.0, 0.0, 0.0, 0.0, 1.0, 0.0]
3232	[0.0, 0.0, 0.0, 0.0, 0.0, 1.0, 0.0]
3233	[0.0, 0.0, 0.0, 0.0, 0.0, 1.0, 0.0]
3234	[0.0, 0.0, 0.0, 0.0, 0.0, 1.0, 0.0]
3235	[0.0, 0.0, 0.0, 0.0, 0.0, 1.0, 0.0]
3236	[0.0, 0.0, 0.0, 0.0, 0.0, 1.0, 0.0]
3237	[0.0, 0.0, 0.0, 0.0, 0.0, 1.0, 0.0]
3238	[0.0, 0.0, 0.0, 0.0, 0.0, 1.0, 0.0]
3239	[0.0, 0.0, 0.0, 0.0, 0.0, 1.0, 0.0]
3240	[0.0, 0.0, 0.0, 0.0, 0.0, 1.0, 0.0]
3241	[0.0, 0.0, 0.0, 0.0, 0.0, 1.0, 0.0]
3242	[0.0, 0.0, 0.0, 0.0, 0.0, 1.0, 0.0]
3243	[0.0, 0.0, 0.0, 0.0, 0.0, 1.0, 0.0]
3244	[0.0, 0.0, 0.0, 0.0, 0.0, 1.0, 0.0]
3245	[0.0, 0.0, 0.0, 0.0, 0.0, 1.0, 0.0]
3246	[0.0, 0.0, 0.0, 0.0, 0.0, 1.0, 0.0]
3247	[0.0, 0.0, 0.0, 0.0, 0.0, 1.0, 0.0]
3248	[0.0, 0.0, 0.0, 0.0, 0.0, 1.0, 0.0]
3249	[0.0, 0.0, 0.0, 0.0, 0.0, 1.0, 0.0]
3250	[0.0, 0.0, 0.0, 0.0, 0.0, 1.0, 0.0]
3251	[0.0, 0.0, 0.0, 0.0, 0.0, 1.0, 0.0]
3252	[0.0, 0.0, 0.0, 0.0, 0.0, 1.0, 0.0]
3253	[0.0, 0.0, 0.0, 0.0, 0.0, 1.0, 0.0]
3254	[0.0, 0.0, 0.0, 0.0, 0.0, 1.0, 0.0]
3255	[0.0, 0.0, 0.0, 0.0, 0.0, 1.0, 0.0]
3256	[0.0, 0.0, 0.0, 0.0, 0.0, 1.0, 0.0]
3257	[0.0, 0.0, 0.0, 0.0, 0.0, 1.0, 0.0]
3258	[0.0, 0.0, 0.0, 0.0, 0.0, 1.0, 0.0]
3259	[0.0, 0.0, 0.0, 0.0, 0.0, 1.0, 0.0]
3260	[0.0, 0.0, 0.0, 0.0, 0.0, 1.0, 0.0]
3261	[0.0, 0.0, 0.0, 0.0, 0.0, 1.0, 0.0]
3262	[0.0, 0.0, 0.0, 0.0, 0.0, 1.0, 0.0]
3263	[0.0, 0.0, 0.0, 0.0, 0.0, 1.0, 0.0]
3264	[0.0, 0.0, 0.0, 0.0, 0.0, 1.0, 0.0]
3265	[0.0, 0.0, 0.0, 0.0, 0.0, 1.0, 0.0]
3266	[0.0, 0.0, 0.0, 0.0, 0.0, 1.0, 0.0]
3267	[0.0, 0.0, 0.0, 0.0, 0.0, 1.0, 0.0]
3268	[0.0, 0.0, 0.0, 0.0, 0.0, 1.0, 0.0]
3269	[0.0, 0.0, 0.0, 0.0, 0.0, 1.0, 0.0]
3270	[0.0, 0.0, 0.0, 0.0, 0.0, 1.0, 0.0]
3271	[0.0, 0.0, 0.0, 0.0, 0.0, 1.0, 0.0]
3272	[0.0, 0.0, 0.0, 0.0, 0.0, 1.0, 0.0]
3273	[0.0, 0.0, 0.0, 0.0, 0.0, 1.0, 0.0]
3274	[0.0, 0.0, 0.0, 0.0, 0.0, 1.0, 0.0]
3275	[0.0, 0.0, 0.0, 0.0, 0.0, 1.0, 0.0]
3276	[0.0, 0.0, 0.0, 0.0, 0.0, 0.0, 1.0]
3277	[0.0, 0.0, 0.0, 0.0, 0.0, 0.0, 1.0]
3278	[0.0, 0.0, 0.0, 0.0, 0.0, 0.0, 1.0]
3279	[0.0, 0.0, 0.0, 0.0, 0.0, 0.0, 1.0]
3280	[0.0, 0.0, 0.0, 0.0, 0.0, 0.0, 1.0]
3281	[0.0, 0.0, 0.0, 0.0, 0.0, 0.0, 1.0]
3282	[0.0, 0.0, 0.0, 0.0, 0.0, 0.0, 1.0]
3283	[0.0, 0.0, 0.0, 0.0, 0.0, 0.0, 1.0]
3284	[0.0, 0.0, 0.0, 0.0, 0.0, 0.0, 1.0]
3285	[0.0, 0.0, 0.0, 0.0, 0.0, 0.0, 1.0]
3286	[0.0, 0.0, 0.0, 0.0, 0.0, 0.0, 1.0]
3287	[0.0, 0.0, 0.0, 0.0, 0.0, 0.0, 1.0]
3288	[0.0, 0.0, 0.0, 0.0, 0.0, 0.0, 1.0]
3289	[0.0, 0.0, 0.0, 0.0, 0.0, 0.0, 1.0]
3290	[0.0, 0.0, 0.0, 0.0, 0.0, 0.0, 1.0]
3291	[0.0, 0.0, 0.0, 0.0, 0.0, 0.0, 1.0]
3292	[0.0, 0.0, 0.0, 0.0, 0.0, 0.0, 1.0]
3293	[0.0, 0.0, 0.0, 0.0, 0.0, 0.0, 1.0]
3294	[0.0, 0.0, 0.0, 0.0, 0.0, 0.0, 1.0]
3295	[0.0, 0.0, 0.0, 0.0, 0.0, 0.0, 1.0]
3296	[0.0, 0.0, 0.0, 0.0, 0.0, 0.0, 1.0]
3297	[0.0, 0.0, 0.0, 0.0, 0.0, 0.0, 1.0]
3298	[0.0, 0.0, 0.0, 0.0, 0.0, 0.0, 1.0]
3299	[0.0, 0.0, 0.0, 0.0, 0.0, 0.0, 1.0]
3300	[0.0, 0.0, 0.0, 0.0, 0.0, 0.0, 1.0]
3301	[0.0, 0.0, 0.0, 0.0, 0.0, 0.0, 1.0]
3302	[0.0, 0.0, 0.0, 0.0, 0.0, 0.0, 1.0]
3303	[0.0, 0.0, 0.0, 0.0, 0.0, 0.0, 1.0]
3304	[0.0, 0.0, 0.0, 0.0, 0.0, 0.0, 1.0]
3305	[0.0, 0.0, 0.0, 0.0, 0.0, 0.0, 1.0]
3306	[0.0, 0.0, 0.0, 0.0, 0.0, 0.0, 1.0]
3307	[0.0, 0.0, 0.0, 0.0, 0.0, 0.0, 1.0]
3308	[0.0, 0.0, 0.0, 0.0, 0.0, 0.0, 1.0]
3309	[0.0, 0.0, 0.0, 0.0, 0.0, 0.0, 1.0]
3310	[0.0, 0.0, 0.0, 0.0, 0.0, 0.0, 1.0]
3311	[0.0, 0.0, 0.0, 0.0, 0.0, 0.0, 1.0]
3312	[0.0, 0.0, 0.0, 0.0, 0.0, 0.0, 1.0]
3313	[0.0, 0.0, 0.0, 0.0, 0.0, 0.0, 1.0]
3314	[0.0, 0.0, 0.0, 0.0, 0.0, 0.0, 1.0]
3315	[0.0, 0.0, 0.0, 0.0, 0.0, 0.0, 1.0]
3316	[0.0, 0.0, 0.0, 0.0, 0.0, 0.0, 1.0]
3317	[0.0, 0.0, 0.0, 0.0, 0.0, 0.0, 1.0]
3318	[0.0, 0.0, 0.0, 0.0, 0.0, 0.0, 1.0]
3319	[0.0, 0.0, 0.0, 0.0, 0.0, 0.0, 1.0]
3320	[0.0, 0.0, 0.0, 0.0, 0.0, 0.0, 1.0]
3321	[0.0, 0.0, 0.0, 0.0, 0.0, 0.0, 1.0]
3322	[0.0, 0.0, 0.0, 0.0, 0.0, 0.0, 1.0]
3323	[0.0, 0.0, 0.0, 0.0, 0.0, 0.0, 1.0]
3324	[0.0, 0.0, 0.0, 0.0, 0.0, 0.0, 1.0]
3325	[0.0, 0.0, 0.0, 0.0, 0.0, 0.0, 1.0]
3326	[0.0, 0.0, 0.0, 0.0, 0.0, 0.0, 1.0]
3327	[0.0, 0.0, 0.0, 0.0, 0.0, 0.0, 1.0]
3328	[0.0, 0.0, 0.0, 0.0, 0.0, 0.0, 1.0]
3329	[0.0, 0.0, 0.0, 0.0, 0.0, 0.0, 1.0]
3330	[0.0, 0.0, 0.0, 0.0, 0.0, 0.0, 1.0]
3331	[0.0, 0.0, 0.0, 0.0, 0.0, 0.0, 1.0]
3332	[0.0, 0.0, 0.0, 0.0, 0.0, 0.0, 1.0]
3333	[0.0, 0.0, 0.0, 0.0, 0.0, 0.0, 1.0]
3334	[0.0, 0.0, 0.0, 0.0, 0.0, 0.0, 1.0]
3335	[0.0, 0.0, 0.0, 0.0, 0.0, 0.0, 1.0]
3336	[0.0, 0.0, 0.0, 0.0, 0.0, 0.0, 1.0]
3337	[0.0, 0.0, 0.0, 0.0, 0.0, 0.0, 1.0]
3338	[0.0, 0.0, 0.0, 0.0, 0.0, 0.0, 1.0]
3339	[0.0, 0.0, 0.0, 0.0, 0.0, 0.0, 1.0]
3340	[0.0, 0.0, 0.0, 0.0, 0.0, 0.0, 1.0]
3341	[0.0, 0.0, 0.0, 0.0, 0.0, 0.0, 1.0]
3342	[0.0, 0.0, 0.0, 0.0, 0.0, 0.0, 1.0]
3343	[0.0, 0.0, 0.0, 0.0, 0.0, 0.0, 1.0]
3344	[0.0, 0.0, 0.0, 0.0, 0.0, 0.0, 1.0]
3345	[0.0, 0.0, 0.0, 0.0, 0.0, 0.0, 1.0]
3346	[0.0, 0.0, 0.0, 0.0, 0.0, 0.0, 1.0]
3347	[0.0, 0.0, 0.0, 0.0, 0.0, 0.0, 1.0]
3348	[0.0, 0.0, 0.0, 0.0, 0.0, 0.0, 1.0]
3349	[0.0, 0.0, 0.0, 0.0, 0.0, 0.0, 1.0]
3350	[0.0, 0.0, 0.0, 0.0, 0.0, 0.0, 1.0]
3351	[0.0, 0.0, 0.0, 0.0, 0.0, 0.0, 1.0]
3352	[0.0, 0.0, 0.0, 0.0, 0.0, 0.0, 1.0]
3353	[0.0, 0.0, 0.0, 0.0, 0.0, 0.0, 1.0]
3354	[0.0, 0.0, 0.0, 0.0, 0.0, 0.0, 1.0]
3355	[0.0, 0.0, 0.0, 0.0, 0.0, 0.0, 1.0]
3356	[0.0, 0.0, 0.0, 0.0, 0.0, 0.0, 1.0]
3357	[0.0, 0.0, 0.0, 0.0, 0.0, 0.0, 1.0]
3358	[0.0, 0.0, 0.0, 0.0, 0.0, 0.0, 1.0]
3359	[0.0, 0.0, 0.0, 0.0, 0.0, 0.0, 1.0]
3360	[0.0, 0.0, 0.0, 0.0, 0.0, 0.0, 1.0]
3361	[0.0, 0.0, 0.0, 0.0, 0.0, 0.0, 1.0]
3362	[0.0, 0.0, 0.0, 0.0, 0.0, 0.0, 1.0]
3363	[0.0, 0.0, 0.0, 0.0, 0.0, 0.0, 1.0]
3364	[0.0, 0.0, 0.0, 0.0, 0.0, 0.0, 1.0]
3365	[0.0, 0.0, 0.0, 0.0, 0.0, 0.0, 1.0]
3366	[0.0, 0.0, 0.0, 0.0, 0.0, 0.0, 1.0]
3367	[0.0, 0.0, 0.0, 0.0, 0.0, 0.0, 1.0]
3368	[0.0, 0.0, 0.0, 0.0, 0.0, 0.0, 1.0]
3369	[0.0, 0.0, 0.0, 0.0, 0.0, 0.0, 1.0]
3370	[0.0, 0.0, 0.0, 0.0, 0.0, 0.0, 1.0]
3371	[0.0, 0.0, 0.0, 0.0, 0.0, 0.0, 1.0]
3372	[0.0, 0.0, 0.0, 0.0, 0.0, 0.0, 1.0]
3373	[0.0, 0.0, 0.0, 0.0, 0.0, 0.0, 1.0]
3374	[0.0, 0.0, 0.0, 0.0, 0.0, 0.0, 1.0]
3375	[0.0, 0.0, 0.0, 0.0, 0.0, 0.0, 1.0]
3376	[0.0, 0.0, 0.0, 0.0, 0.0, 0.0, 1.0]
3377	[0.0, 0.0, 0.0, 0.0, 0.0, 0.0, 1.0]
3378	[0.0, 0.0, 0.0, 0.0, 0.0, 0.0, 1.0]
3379	[0.0, 0.0, 0.0, 0.0, 0.0, 0.0, 1.0]
3380	[0.0, 0.0, 0.0, 0.0, 0.0, 0.0, 1.0]
3381	[0.0, 0.0, 0.0, 0.0, 0.0, 0.0, 1.0]
3382	[0.0, 0.0, 0.0, 0.0, 0.0, 0.0, 1.0]
3383	[0.0, 0.0, 0.0, 0.0, 0.0, 0.0, 1.0]
3384	[0.0, 0.0, 0.0, 0.0, 0.0, 0.0, 1.0]
3385	[0.0, 0.0, 0.0, 0.0, 0.0, 0.0, 1.0]
3386	[0.0, 0.0, 0.0, 0.0, 0.0, 0.0, 1.0]
3387	[0.0, 0.0, 0.0, 0.0, 0.0, 0.0, 1.0]
3388	[0.0, 0.0, 0.0, 0.0, 0.0, 0.0, 1.0]
3389	[0.0, 0.0, 0.0, 0.0, 0.0, 0.0, 1.0]
3390	[0.0, 0.0, 0.0, 0.0, 0.0, 0.0, 1.0]
3391	[0.0, 0.0, 0.0, 0.0, 0.0, 0.0, 1.0]
3392	[0.0, 0.0, 0.0, 0.0, 0.0, 0.0, 1.0]
3393	[0.0, 0.0, 0.0, 0.0, 0.0, 0.0, 1.0]
3394	[0.0, 0.0, 0.0, 0.0, 0.0, 0.0, 1.0]
3395	[0.0, 0.0, 0.0, 0.0, 0.0, 0.0, 1.0]
3396	[0.0, 0.0, 0.0, 0.0, 0.0, 0.0, 1.0]
3397	[0.0, 0.0, 0.0, 0.0, 0.0, 0.0, 1.0]
3398	[0.0, 0.0, 0.0, 0.0, 0.0, 0.0, 1.0]
3399	[0.0, 0.0, 0.0, 0.0, 0.0, 0.0, 1.0]
3400	[0.0, 0.0, 0.0, 0.0, 0.0, 0.0, 1.0]
3401	[0.0, 0.0, 0.0, 0.0, 0.0, 0.0, 1.0]
3402	[0.0, 0.0, 0.0, 0.0, 0.0, 0.0, 1.0]
3403	[0.0, 0.0, 0.0, 0.0, 0.0, 0.0, 1.0]
3404	[0.0, 0.0, 0.0, 0.0, 0.0, 0.0, 1.0]
3405	[0.0, 0.0, 0.0, 0.0, 0.0, 0.0, 1.0]
3406	[0.0, 0.0, 0.0, 0.0, 0.0, 0.0, 1.0]
3407	[0.0, 0.0, 0.0, 0.0, 0.0, 0.0, 1.0]
3408	[0.0, 0.0, 0.0, 0.0, 0.0, 0.0, 1.0]
3409	[0.0, 0.0, 0.0, 0.0, 0.0, 0.0, 1.0]
3410	[0.0, 0.0, 0.0, 0.0, 0.0, 0.0, 1.0]
3411	[0.0, 0.0, 0.0, 0.0, 0.0, 0.0, 1.0]
3412	[0.0, 0.0, 0.0, 0.0, 0.0, 0.0, 1.0]
3413	[0.0, 0.0, 0.0, 0.0, 0.0, 0.0, 1.0]
3414	[0.0, 0.0, 0.0, 0.0, 0.0, 0.0, 1.0]
3415	[0.0, 0.0, 0.0, 0.0, 0.0, 0.0, 1.0]
3416	[0.0, 0.0, 0.0, 0.0, 0.0, 0.0, 1.0]
3417	[0.0, 0.0, 0.0, 0.0, 0.0, 0.0, 1.0]
3418	[0.0, 0.0, 0.0, 0.0, 0.0, 0.0, 1.0]
3419	[0.0, 0.0, 0.0, 0.0, 0.0, 0.0, 1.0]
3420	[0.0, 0.0, 0.0, 0.0, 0.0, 0.0, 1.0]
3421	[0.0, 0.0, 0.0, 0.0, 0.0, 0.0, 1.0]
3422	[0.0, 0.0, 0.0, 0.0, 0.0, 0.0, 1.0]
3423	[0.0, 0.0, 0.0, 0.0, 0.0, 0.0, 1.0]
3424	[0.0, 0.0, 0.0, 0.0, 0.0, 0.0, 1.0]
3425	[0.0, 0.0, 0.0, 0.0, 0.0, 0.0, 1.0]
3426	[0.0, 0.0, 0.0, 0.0, 0.0, 0.0, 1.0]
3427	[0.0, 0.0, 0.0, 0.0, 0.0, 0.0, 1.0]
3428	[0.0, 0.0, 0.0, 0.0, 0.0, 0.0, 1.0]
3429	[0.0, 0.0, 0.0, 0.0, 0.0, 0.0, 1.0]
3430	[0.0, 0.0, 0.0, 0.0, 0.0, 0.0, 1.0]
3431	[0.0, 0.0, 0.0, 0.0, 0.0, 0.0, 1.0]
3432	[0.0, 0.0, 0.0, 0.0, 0.0, 0.0, 1.0]
3433	[0.0, 0.0, 0.0, 0.0, 0.0, 0.0, 1.0]
3434	[0.0, 0.0, 0.0, 0.0, 0.0, 0.0, 1.0]
3435	[0.0, 0.0, 0.0, 0.0, 0.0, 0.0, 1.0]
3436	[0.0, 0.0, 0.0, 0.0, 0.0, 0.0, 1.0]
3437	[0.0, 0.0, 0.0, 0.0, 0.0, 0.0, 1.0]
3438	[0.0, 0.0, 0.0, 0.0, 0.0, 0.0, 1.0]
3439	[0.0, 0.0, 0.0, 0.0, 0.0, 0.0, 1.0]
3440	[0.0, 0.0, 0.0, 0.0, 0.0, 0.0, 1.0]
3441	[0.0, 0.0, 0.0, 0.0, 0.0, 0.0, 1.0]
3442	[0.0, 0.0, 0.0, 0.0, 0.0, 0.0, 1.0]
3443	[0.0, 0.0, 0.0, 0.0, 0.0, 0.0, 1.0]
3444	[0.0, 0.0, 0.0, 0.0, 0.0, 0.0, 1.0]
3445	[0.0, 0.0, 0.0, 0.0, 0.0, 0.0, 1.0]
3446	[0.0, 0.0, 0.0, 0.0, 0.0, 0.0, 1.0]
3447	[0.0, 0.0, 0.0, 0.0, 0.0, 0.0, 1.0]
3448	[0.0, 0.0, 0.0, 0.0, 0.0, 0.0, 1.0]
3449	[0.0, 0.0, 0.0, 0.0, 0.0, 0.0, 1.0]
3450	[0.0, 0.0, 0.0, 0.0, 0.0, 0.0, 1.0]
3451	[0.0, 0.0, 0.0, 0.0, 0.0, 0.0, 1.0]
3452	[0.0, 0.0, 0.0, 0.0, 0.0, 0.0, 1.0]
3453	[0.0, 0.0, 0.0, 0.0, 0.0, 0.0, 1.0]
3454	[0.0, 0.0, 0.0, 0.0, 0.0, 0.0, 1.0]
3455	[0.0, 0.0, 0.0, 0.0, 0.0, 0.0, 1.0]
3456	[0.0, 0.0, 0.0, 0.0, 0.0, 0.0, 1.0]
3457	[0.0, 0.0, 0.0, 0.0, 0.0, 0.0, 1.0]
3458	[0.0, 0.0, 0.0, 0.0, 0.0, 0.0, 1.0]
3459	[0.0, 0.0, 0.0, 0.0, 0.0, 0.0, 1.0]
3460	[0.0, 0.0, 0.0, 0.0, 0.0, 0.0, 1.0]
3461	[0.0, 0.0, 0.0, 0.0, 0.0, 0.0, 1.0]
3462	[0.0, 0.0, 0.0, 0.0, 0.0, 0.0, 1.0]
3463	[0.0, 0.0, 0.0, 0.0, 0.0, 0.0, 1.0]
3464	[0.0, 0.0, 0.0, 0.0, 0.0, 0.0, 1.0]
3465	[0.0, 0.0, 0.0, 0.0, 0.0, 0.0, 1.0]
3466	[0.0, 0.0, 0.0, 0.0, 0.0, 0.0, 1.0]
3467	[0.0, 0.0, 0.0, 0.0, 0.0, 0.0, 1.0]
3468	[0.0, 0.0, 0.0, 0.0, 0.0, 0.0, 1.0]
3469	[0.0, 0.0, 0.0, 0.0, 0.0, 0.0, 1.0]
3470	[0.0, 0.0, 0.0, 0.0, 0.0, 0.0, 1.0]
3471	[0.0, 0.0, 0.0, 0.0, 0.0, 0.0, 1.0]
3472	[0.0, 0.0, 0.0, 0.0, 0.0, 0.0, 1.0]
3473	[0.0, 0.0, 0.0, 0.0, 0.0, 0.0, 1.0]
3474	[0.0, 0.0, 0.0, 0.0, 0.0, 0.0, 1.0]
3475	[0.0, 0.0, 0.0, 0.0, 0.0, 0.0, 1.0]
3476	[0.0, 0.0, 0.0, 0.0, 0.0, 0.0, 1.0]
3477	[0.0, 0.0, 0.0, 0.0, 0.0, 0.0, 1.0]
3478	[0.0, 0.0, 0.0, 0.0, 0.0, 0.0, 1.0]
3479	[0.0, 0.0, 0.0, 0.0, 0.0, 0.0, 1.0]
3480	[0.0, 0.0, 0.0, 0.0, 0.0, 0.0, 1.0]
3481	[0.0, 0.0, 0.0, 0.0, 0.0, 0.0, 1.0]
3482	[0.0, 0.0, 0.0, 0.0, 0.0, 0.0, 1.0]
3483	[0.0, 0.0, 0.0, 0.0, 0.0, 0.0, 1.0]
3484	[0.0, 0.0, 0.0, 0.0, 0.0, 0.0, 1.0]
3485	[0.0, 0.0, 0.0, 0.0, 0.0, 0.0, 1.0]
3486	[0.0, 0.0, 0.0, 0.0, 0.0, 0.0, 1.0]
3487	[0.0, 0.0, 0.0, 0.0, 0.0, 0.0, 1.0]
3488	[0.0, 0.0, 0.0, 0.0, 0.0, 0.0, 1.0]
3489	[0.0, 0.0, 0.0, 0.0, 0.0, 0.0, 1.0]
3490	[0.0, 0.0, 0.0, 0.0, 0.0, 0.0, 1.0]
3491	[0.0, 0.0, 0.0, 0.0, 0.0, 0.0, 1.0]
3492	[0.0, 0.0, 0.0, 0.0, 0.0, 0.0, 1.0]
3493	[0.0, 0.0, 0.0, 0.0, 0.0, 0.0, 1.0]
3494	[0.0, 0.0, 0.0, 0.0, 0.0, 0.0, 1.0]
3495	[0.0, 0.0, 0.0, 0.0, 0.0, 0.0, 1.0]
3496	[0.0, 0.0, 0.0, 0.0, 0.0, 0.0, 1.0]
3497	[0.0, 0.0, 0.0, 0.0, 0.0, 0.0, 1.0]
3498	[0.0, 0.0, 0.0, 0.0, 0.0, 0.0, 1.0]
3499	[0.0, 0.0, 0.0, 0.0, 0.0, 0.0, 1.0]
3500	[0.0, 0.0, 0.0, 0.0, 0.0, 0.0, 1.0]
3501	[0.0, 0.0, 0.0, 0.0, 0.0, 0.0, 1.0]
3502	[0.0, 0.0, 0.0, 0.0, 0.0, 0.0, 1.0]
3503	[0.0, 0.0, 0.0, 0.0, 0.0, 0.0, 1.0]
3504	[0.0, 0.0, 0.0, 0.0, 0.0, 0.0, 1.0]
3505	[0.0, 0.0, 0.0, 0.0, 0.0, 0.0, 1.0]
3506	[0.0, 0.0, 0.0, 0.0, 0.0, 0.0, 1.0]
3507	[0.0, 0.0, 0.0, 0.0, 0.0, 0.0, 1.0]
3508	[0.0, 0.0, 0.0, 0.0, 0.0, 0.0, 1.0]
3509	[0.0, 0.0, 0.0, 0.0, 0.0, 0.0, 1.0]
3588	[1.0, 0.0, 0.0, 0.0, 0.0, 0.0, 0.0]
3589	[1.0, 0.0, 0.0, 0.0, 0.0, 0.0, 0.0]
3590	[1.0, 0.0, 0.0, 0.0, 0.0, 0.0, 0.0]
3591	[1.0, 0.0, 0.0, 0.0, 0.0, 0.0, 0.0]
3592	[1.0, 0.0, 0.0, 0.0, 0.0, 0.0, 0.0]
3593	[1.0, 0.0, 0.0, 0.0, 0.0, 0.0, 0.0]
3594	[1.0, 0.0, 0.0, 0.0, 0.0, 0.0, 0.0]
3595	[1.0, 0.0, 0.0, 0.0, 0.0, 0.0, 0.0]
3596	[1.0, 0.0, 0.0, 0.0, 0.0, 0.0, 0.0]
3597	[1.0, 0.0, 0.0, 0.0, 0.0, 0.0, 0.0]
3598	[1.0, 0.0, 0.0, 0.0, 0.0, 0.0, 0.0]
3599	[1.0, 0.0, 0.0, 0.0, 0.0, 0.0, 0.0]
3600	[1.0, 0.0, 0.0, 0.0, 0.0, 0.0, 0.0]
3601	[1.0, 0.0, 0.0, 0.0, 0.0, 0.0, 0.0]
3602	[1.0, 0.0, 0.0, 0.0, 0.0, 0.0, 0.0]
3603	[1.0, 0.0, 0.0, 0.0, 0.0, 0.0, 0.0]
3604	[1.0, 0.0, 0.0, 0.0, 0.0, 0.0, 0.0]
3605	[1.0, 0.0, 0.0, 0.0, 0.0, 0.0, 0.0]
3606	[1.0, 0.0, 0.0, 0.0, 0.0, 0.0, 0.0]
3607	[1.0, 0.0, 0.0, 0.0, 0.0, 0.0, 0.0]
3608	[1.0, 0.0, 0.0, 0.0, 0.0, 0.0, 0.0]
3609	[1.0, 0.0, 0.0, 0.0, 0.0, 0.0, 0.0]
3610	[1.0, 0.0, 0.0, 0.0, 0.0, 0.0, 0.0]
3611	[1.0, 0.0, 0.0, 0.0, 0.0, 0.0, 0.0]
3612	[1.0, 0.0, 0.0, 0.0, 0.0, 0.0, 0.0]
3613	[1.0, 0.0, 0.0, 0.0, 0.0, 0.0, 0.0]
3614	[1.0, 0.0, 0.0, 0.0, 0.0, 0.0, 0.0]
3615	[1.0, 0.0, 0.0, 0.0, 0.0, 0.0, 0.0]
3616	[1.0, 0.0, 0.0, 0.0, 0.0, 0.0, 0.0]
3617	[1.0, 0.0, 0.0, 0.0, 0.0, 0.0, 0.0]
3618	[1.0, 0.0, 0.0, 0.0, 0.0, 0.0, 0.0]
3619	[1.0, 0.0, 0.0, 0.0, 0.0, 0.0, 0.0]
3620	[1.0, 0.0, 0.0, 0.0, 0.0, 0.0, 0.0]
3621	[1.0, 0.0, 0.0, 0.0, 0.0, 0.0, 0.0]
3622	[1.0, 0.0, 0.0, 0.0, 0.0, 0.0, 0.0]
3623	[1.0, 0.0, 0.0, 0.0, 0.0, 0.0, 0.0]
3624	[1.0, 0.0, 0.0, 0.0, 0.0, 0.0, 0.0]
3625	[1.0, 0.0, 0.0, 0.0, 0.0, 0.0, 0.0]
3626	[1.0, 0.0, 0.0, 0.0, 0.0, 0.0, 0.0]
3627	[1.0, 0.0, 0.0, 0.0, 0.0, 0.0, 0.0]
3628	[1.0, 0.0, 0.0, 0.0, 0.0, 0.0, 0.0]
3629	[1.0, 0.0, 0.0, 0.0, 0.0, 0.0, 0.0]
3630	[1.0, 0.0, 0.0, 0.0, 0.0, 0.0, 0.0]
3631	[1.0, 0.0, 0.0, 0.0, 0.0, 0.0, 0.0]
3632	[1.0, 0.0, 0.0, 0.0, 0.0, 0.0, 0.0]
3633	[1.0, 0.0, 0.0, 0.0, 0.0, 0.0, 0.0]
3634	[1.0, 0.0, 0.0, 0.0, 0.0, 0.0, 0.0]
3635	[1.0, 0.0, 0.0, 0.0, 0.0, 0.0, 0.0]
3636	[1.0, 0.0, 0.0, 0.0, 0.0, 0.0, 0.0]
3637	[1.0, 0.0, 0.0, 0.0, 0.0, 0.0, 0.0]
3638	[1.0, 0.0, 0.0, 0.0, 0.0, 0.0, 0.0]
3639	[1.0, 0.0, 0.0, 0.0, 0.0, 0.0, 0.0]
3640	[1.0, 0.0, 0.0, 0.0, 0.0, 0.0, 0.0]
3641	[1.0, 0.0, 0.0, 0.0, 0.0, 0.0, 0.0]
3642	[1.0, 0.0, 0.0, 0.0, 0.0, 0.0, 0.0]
3643	[1.0, 0.0, 0.0, 0.0, 0.0, 0.0, 0.0]
3644	[1.0, 0.0, 0.0, 0.0, 0.0, 0.0, 0.0]
3645	[1.0, 0.0, 0.0, 0.0, 0.0, 0.0, 0.0]
3646	[1.0, 0.0, 0.0, 0.0, 0.0, 0.0, 0.0]
3647	[1.0, 0.0, 0.0, 0.0, 0.0, 0.0, 0.0]
3648	[1.0, 0.0, 0.0, 0.0, 0.0, 0.0, 0.0]
3649	[1.0, 0.0, 0.0, 0.0, 0.0, 0.0, 0.0]
3650	[1.0, 0.0, 0.0, 0.0, 0.0, 0.0, 0.0]
3651	[1.0, 0.0, 0.0, 0.0, 0.0, 0.0, 0.0]
3652	[1.0, 0.0, 0.0, 0.0, 0.0, 0.0, 0.0]
3653	[1.0, 0.0, 0.0, 0.0, 0.0, 0.0, 0.0]
3654	[1.0, 0.0, 0.0, 0.0, 0.0, 0.0, 0.0]
3655	[1.0, 0.0, 0.0, 0.0, 0.0, 0.0, 0.0]
3656	[1.0, 0.0, 0.0, 0.0, 0.0, 0.0, 0.0]
3657	[1.0, 0.0, 0.0, 0.0, 0.0, 0.0, 0.0]
3658	[1.0, 0.0, 0.0, 0.0, 0.0, 0.0, 0.0]
3659	[1.0, 0.0, 0.0, 0.0, 0.0, 0.0, 0.0]
3660	[1.0, 0.0, 0.0, 0.0, 0.0, 0.0, 0.0]
3661	[1.0, 0.0, 0.0, 0.0, 0.0, 0.0, 0.0]
3662	[1.0, 0.0, 0.0, 0.0, 0.0, 0.0, 0.0]
3663	[1.0, 0.0, 0.0, 0.0, 0.0, 0.0, 0.0]
3664	[1.0, 0.0, 0.0, 0.0, 0.0, 0.0, 0.0]
3665	[1.0, 0.0, 0.0, 0.0, 0.0, 0.0, 0.0]
4056	[0.0, 1.0, 0.0, 0.0, 0.0, 0.0, 0.0]
4057	[0.0, 1.0, 0.0, 0.0, 0.0, 0.0, 0.0]
4058	[0.0, 1.0, 0.0, 0.0, 0.0, 0.0, 0.0]
4059	[0.0, 1.0, 0.0, 0.0, 0.0, 0.0, 0.0]
4060	[0.0, 1.0, 0.0, 0.0, 0.0, 0.0, 0.0]
4061	[0.0, 1.0, 0.0, 0.0, 0.0, 0.0, 0.0]
4062	[0.0, 1.0, 0.0, 0.0, 0.0, 0.0, 0.0]
4063	[0.0, 1.0, 0.0, 0.0, 0.0, 0.0, 0.0]
4064	[0.0, 1.0, 0.0, 0.0, 0.0, 0.0, 0.0]
4065	[0.0, 1.0, 0.0, 0.0, 0.0, 0.0, 0.0]
4066	[0.0, 1.0, 0.0, 0.0, 0.0, 0.0, 0.0]
4067	[0.0, 1.0, 0.0, 0.0, 0.0, 0.0, 0.0]
4068	[0.0, 1.0, 0.0, 0.0, 0.0, 0.0, 0.0]
4069	[0.0, 1.0, 0.0, 0.0, 0.0, 0.0, 0.0]
4070	[0.0, 1.0, 0.0, 0.0, 0.0, 0.0, 0.0]
4071	[0.0, 1.0, 0.0, 0.0, 0.0, 0.0, 0.0]
4072	[0.0, 1.0, 0.0, 0.0, 0.0, 0.0, 0.0]
4073	[0.0, 1.0, 0.0, 0.0, 0.0, 0.0, 0.0]
4074	[0.0, 1.0, 0.0, 0.0, 0.0, 0.0, 0.0]
4075	[0.0, 1.0, 0.0, 0.0, 0.0, 0.0, 0.0]
4076	[0.0, 1.0, 0.0, 0.0, 0.0, 0.0, 0.0]
4077	[0.0, 1.0, 0.0, 0.0, 0.0, 0.0, 0.0]
4078	[0.0, 1.0, 0.0, 0.0, 0.0, 0.0, 0.0]
4079	[0.0, 1.0, 0.0, 0.0, 0.0, 0.0, 0.0]
4080	[0.0, 1.0, 0.0, 0.0, 0.0, 0.0, 0.0]
4081	[0.0, 1.0, 0.0, 0.0, 0.0, 0.0, 0.0]
4082	[0.0, 1.0, 0.0, 0.0, 0.0, 0.0, 0.0]
4083	[0.0, 1.0, 0.0, 0.0, 0.0, 0.0, 0.0]
4084	[0.0, 1.0, 0.0, 0.0, 0.0, 0.0, 0.0]
4085	[0.0, 1.0, 0.0, 0.0, 0.0, 0.0, 0.0]
4086	[0.0, 1.0, 0.0, 0.0, 0.0, 0.0, 0.0]
4087	[0.0, 1.0, 0.0, 0.0, 0.0, 0.0, 0.0]
4088	[0.0, 1.0, 0.0, 0.0, 0.0, 0.0, 0.0]
4089	[0.0, 1.0, 0.0, 0.0, 0.0, 0.0, 0.0]
4090	[0.0, 1.0, 0.0, 0.0, 0.0, 0.0, 0.0]
4091	[0.0, 1.0, 0.0, 0.0, 0.0, 0.0, 0.0]
4092	[0.0, 1.0, 0.0, 0.0, 0.0, 0.0, 0.0]
4093	[0.0, 1.0, 0.0, 0.0, 0.0, 0.0, 0.0]
4094	[0.0, 1.0, 0.0, 0.0, 0.0, 0.0, 0.0]
4095	[0.0, 1.0, 0.0, 0.0, 0.0, 0.0, 0.0]
4096	[0.0, 1.0, 0.0, 0.0, 0.0, 0.0, 0.0]
4097	[0.0, 1.0, 0.0, 0.0, 0.0, 0.0, 0.0]
4098	[0.0, 1.0, 0.0, 0.0, 0.0, 0.0, 0.0]
4099	[0.0, 1.0, 0.0, 0.0, 0.0, 0.0, 0.0]
4100	[0.0, 1.0, 0.0, 0.0, 0.0, 0.0, 0.0]
4101	[0.0, 1.0, 0.0, 0.0, 0.0, 0.0, 0.0]
4102	[0.0, 1.0, 0.0, 0.0, 0.0, 0.0, 0.0]
4103	[0.0, 1.0, 0.0, 0.0, 0.0, 0.0, 0.0]
4104	[0.0, 1.0, 0.0, 0.0, 0.0, 0.0, 0.0]
4105	[0.0, 1.0, 0.0, 0.0, 0.0, 0.0, 0.0]
4106	[0.0, 1.0, 0.0, 0.0, 0.0, 0.0, 0.0]
4107	[0.0, 1.0, 0.0, 0.0, 0.0, 0.0, 0.0]
4108	[0.0, 1.0, 0.0, 0.0, 0.0, 0.0, 0.0]
4109	[0.0, 1.0, 0.0, 0.0, 0.0, 0.0, 0.0]
4110	[0.0, 1.0, 0.0, 0.0, 0.0, 0.0, 0.0]
4111	[0.0, 1.0, 0.0, 0.0, 0.0, 0.0, 0.0]
4112	[0.0, 1.0, 0.0, 0.0, 0.0, 0.0, 0.0]
4113	[0.0, 1.0, 0.0, 0.0, 0.0, 0.0, 0.0]
4114	[0.0, 1.0, 0.0, 0.0, 0.0, 0.0, 0.0]
4115	[0.0, 1.0, 0.0, 0.0, 0.0, 0.0, 0.0]
4116	[0.0, 1.0, 0.0, 0.0, 0.0, 0.0, 0.0]
4117	[0.0, 1.0, 0.0, 0.0, 0.0, 0.0, 0.0]
4118	[0.0, 1.0, 0.0, 0.0, 0.0, 0.0, 0.0]
4119	[0.0, 1.0, 0.0, 0.0, 0.0, 0.0, 0.0]
4120	[0.0, 1.0, 0.0, 0.0, 0.0, 0.0, 0.0]
4121	[0.0, 1.0, 0.0, 0.0, 0.0, 0.0, 0.0]
4122	[0.0, 1.0, 0.0, 0.0, 0.0, 0.0, 0.0]
4123	[0.0, 1.0, 0.0, 0.0, 0.0, 0.0, 0.0]
4124	[0.0, 1.0, 0.0, 0.0, 0.0, 0.0, 0.0]
4125	[0.0, 1.0, 0.0, 0.0, 0.0, 0.0, 0.0]
4126	[0.0, 1.0, 0.0, 0.0, 0.0, 0.0, 0.0]
4127	[0.0, 1.0, 0.0, 0.0, 0.0, 0.0, 0.0]
4128	[0.0, 1.0, 0.0, 0.0, 0.0, 0.0, 0.0]
4129	[0.0, 1.0, 0.0, 0.0, 0.0, 0.0, 0.0]
4130	[0.0, 1.0, 0.0, 0.0, 0.0, 0.0, 0.0]
4131	[0.0, 1.0, 0.0, 0.0, 0.0, 0.0, 0.0]
4132	[0.0, 1.0, 0.0, 0.0, 0.0, 0.0, 0.0]
4133	[0.0, 1.0, 0.0, 0.0, 0.0, 0.0, 0.0]
4134	[0.0, 0.0, 1.0, 0.0, 0.0, 0.0, 0.0]
4135	[0.0, 0.0, 1.0, 0.0, 0.0, 0.0, 0.0]
4136	[0.0, 0.0, 1.0, 0.0, 0.0, 0.0, 0.0]
4137	[0.0, 0.0, 1.0, 0.0, 0.0, 0.0, 0.0]
4138	[0.0, 0.0, 1.0, 0.0, 0.0, 0.0, 0.0]
4139	[0.0, 0.0, 1.0, 0.0, 0.0, 0.0, 0.0]
4140	[0.0, 0.0, 1.0, 0.0, 0.0, 0.0, 0.0]
4141	[0.0, 0.0, 1.0, 0.0, 0.0, 0.0, 0.0]
4142	[0.0, 0.0, 1.0, 0.0, 0.0, 0.0, 0.0]
4143	[0.0, 0.0, 1.0, 0.0, 0.0, 0.0, 0.0]
4144	[0.0, 0.0, 1.0, 0.0, 0.0, 0.0, 0.0]
4145	[0.0, 0.0, 1.0, 0.0, 0.0, 0.0, 0.0]
4146	[0.0, 0.0, 1.0, 0.0, 0.0, 0.0, 0.0]
4147	[0.0, 0.0, 1.0, 0.0, 0.0, 0.0, 0.0]
4148	[0.0, 0.0, 1.0, 0.0, 0.0, 0.0, 0.0]
4149	[0.0, 0.0, 1.0, 0.0, 0.0, 0.0, 0.0]
4150	[0.0, 0.0, 1.0, 0.0, 0.0, 0.0, 0.0]
4151	[0.0, 0.0, 1.0, 0.0, 0.0, 0.0, 0.0]
4152	[0.0, 0.0, 1.0, 0.0, 0.0, 0.0, 0.0]
4153	[0.0, 0.0, 1.0, 0.0, 0.0, 0.0, 0.0]
4154	[0.0, 0.0, 1.0, 0.0, 0.0, 0.0, 0.0]
4155	[0.0, 0.0, 1.0, 0.0, 0.0, 0.0, 0.0]
4156	[0.0, 0.0, 1.0, 0.0, 0.0, 0.0, 0.0]
4157	[0.0, 0.0, 1.0, 0.0, 0.0, 0.0, 0.0]
4158	[0.0, 0.0, 1.0, 0.0, 0.0, 0.0, 0.0]
4159	[0.0, 0.0, 1.0, 0.0, 0.0, 0.0, 0.0]
4160	[0.0, 0.0, 1.0, 0.0, 0.0, 0.0, 0.0]
4161	[0.0, 0.0, 1.0, 0.0, 0.0, 0.0, 0.0]
4162	[0.0, 0.0, 1.0, 0.0, 0.0, 0.0, 0.0]
4163	[0.0, 0.0, 1.0, 0.0, 0.0, 0.0, 0.0]
4164	[0.0, 0.0, 1.0, 0.0, 0.0, 0.0, 0.0]
4165	[0.0, 0.0, 1.0, 0.0, 0.0, 0.0, 0.0]
4166	[0.0, 0.0, 1.0, 0.0, 0.0, 0.0, 0.0]
4167	[0.0, 0.0, 1.0, 0.0, 0.0, 0.0, 0.0]
4168	[0.0, 0.0, 1.0, 0.0, 0.0, 0.0, 0.0]
4169	[0.0, 0.0, 1.0, 0.0, 0.0, 0.0, 0.0]
4170	[0.0, 0.0, 1.0, 0.0, 0.0, 0.0, 0.0]
4171	[0.0, 0.0, 1.0, 0.0, 0.0, 0.0, 0.0]
4172	[0.0, 0.0, 1.0, 0.0, 0.0, 0.0, 0.0]
4173	[0.0, 0.0, 1.0, 0.0, 0.0, 0.0, 0.0]
4174	[0.0, 0.0, 1.0, 0.0, 0.0, 0.0, 0.0]
4175	[0.0, 0.0, 1.0, 0.0, 0.0, 0.0, 0.0]
4176	[0.0, 0.0, 1.0, 0.0, 0.0, 0.0, 0.0]
4177	[0.0, 0.0, 1.0, 0.0, 0.0, 0.0, 0.0]
4178	[0.0, 0.0, 1.0, 0.0, 0.0, 0.0, 0.0]
4179	[0.0, 0.0, 1.0, 0.0, 0.0, 0.0, 0.0]
4180	[0.0, 0.0, 1.0, 0.0, 0.0, 0.0, 0.0]
4181	[0.0, 0.0, 1.0, 0.0, 0.0, 0.0, 0.0]
4182	[0.0, 0.0, 1.0, 0.0, 0.0, 0.0, 0.0]
4183	[0.0, 0.0, 1.0, 0.0, 0.0, 0.0, 0.0]
4184	[0.0, 0.0, 1.0, 0.0, 0.0, 0.0, 0.0]
4185	[0.0, 0.0, 1.0, 0.0, 0.0, 0.0, 0.0]
4186	[0.0, 0.0, 1.0, 0.0, 0.0, 0.0, 0.0]
4187	[0.0, 0.0, 1.0, 0.0, 0.0, 0.0, 0.0]
4188	[0.0, 0.0, 1.0, 0.0, 0.0, 0.0, 0.0]
4189	[0.0, 0.0, 1.0, 0.0, 0.0, 0.0, 0.0]
4190	[0.0, 0.0, 1.0, 0.0, 0.0, 0.0, 0.0]
4191	[0.0, 0.0, 1.0, 0.0, 0.0, 0.0, 0.0]
4192	[0.0, 0.0, 1.0, 0.0, 0.0, 0.0, 0.0]
4193	[0.0, 0.0, 1.0, 0.0, 0.0, 0.0, 0.0]
4194	[0.0, 0.0, 1.0, 0.0, 0.0, 0.0, 0.0]
4195	[0.0, 0.0, 1.0, 0.0, 0.0, 0.0, 0.0]
4196	[0.0, 0.0, 1.0, 0.0, 0.0, 0.0, 0.0]
4197	[0.0, 0.0, 1.0, 0.0, 0.0, 0.0, 0.0]
4198	[0.0, 0.0, 1.0, 0.0, 0.0, 0.0, 0.0]
4199	[0.0, 0.0, 1.0, 0.0, 0.0, 0.0, 0.0]
4200	[0.0, 0.0, 1.0, 0.0, 0.0, 0.0, 0.0]
4201	[0.0, 0.0, 1.0, 0.0, 0.0, 0.0, 0.0]
4202	[0.0, 0.0, 1.0, 0.0, 0.0, 0.0, 0.0]
4203	[0.0, 0.0, 1.0, 0.0, 0.0, 0.0, 0.0]
4204	[0.0, 0.0, 1.0, 0.0, 0.0, 0.0, 0.0]
4205	[0.0, 0.0, 1.0, 0.0, 0.0, 0.0, 0.0]
4206	[0.0, 0.0, 1.0, 0.0, 0.0, 0.0, 0.0]
4207	[0.0, 0.0, 1.0, 0.0, 0.0, 0.0, 0.0]
4208	[0.0, 0.0, 1.0, 0.0, 0.0, 0.0, 0.0]
4209	[0.0, 0.0, 1.0, 0.0, 0.0, 0.0, 0.0]
4210	[0.0, 0.0, 1.0, 0.0, 0.0, 0.0, 0.0]
4211	[0.0, 0.0, 1.0, 0.0, 0.0, 0.0, 0.0]
4212	[0.0, 0.0, 0.0, 1.0, 0.0, 0.0, 0.0]
4213	[0.0, 0.0, 0.0, 1.0, 0.0, 0.0, 0.0]
4214	[0.0, 0.0, 0.0, 1.0, 0.0, 0.0, 0.0]
4215	[0.0, 0.0, 0.0, 1.0, 0.0, 0.0, 0.0]
4216	[0.0, 0.0, 0.0, 1.0, 0.0, 0.0, 0.0]
4217	[0.0, 0.0, 0.0, 1.0, 0.0, 0.0, 0.0]
4218	[0.0, 0.0, 0.0, 1.0, 0.0, 0.0, 0.0]
4219	[0.0, 0.0, 0.0, 1.0, 0.0, 0.0, 0.0]
4220	[0.0, 0.0, 0.0, 1.0, 0.0, 0.0, 0.0]
4221	[0.0, 0.0, 0.0, 1.0, 0.0, 0.0, 0.0]
4222	[0.0, 0.0, 0.0, 1.0, 0.0, 0.0, 0.0]
4223	[0.0, 0.0, 0.0, 1.0, 0.0, 0.0, 0.0]
4224	[0.0, 0.0, 0.0, 1.0, 0.0, 0.0, 0.0]
4225	[0.0, 0.0, 0.0, 1.0, 0.0, 0.0, 0.0]
4226	[0.0, 0.0, 0.0, 1.0, 0.0, 0.0, 0.0]
4227	[0.0, 0.0, 0.0, 1.0, 0.0, 0.0, 0.0]
4228	[0.0, 0.0, 0.0, 1.0, 0.0, 0.0, 0.0]
4229	[0.0, 0.0, 0.0, 1.0, 0.0, 0.0, 0.0]
4230	[0.0, 0.0, 0.0, 1.0, 0.0, 0.0, 0.0]
4231	[0.0, 0.0, 0.0, 1.0, 0.0, 0.0, 0.0]
4232	[0.0, 0.0, 0.0, 1.0, 0.0, 0.0, 0.0]
4233	[0.0, 0.0, 0.0, 1.0, 0.0, 0.0, 0.0]
4234	[0.0, 0.0, 0.0, 1.0, 0.0, 0.0, 0.0]
4235	[0.0, 0.0, 0.0, 1.0, 0.0, 0.0, 0.0]
4236	[0.0, 0.0, 0.0, 1.0, 0.0, 0.0, 0.0]
4237	[0.0, 0.0, 0.0, 1.0, 0.0, 0.0, 0.0]
4238	[0.0, 0.0, 0.0, 1.0, 0.0, 0.0, 0.0]
4239	[0.0, 0.0, 0.0, 1.0, 0.0, 0.0, 0.0]
4240	[0.0, 0.0, 0.0, 1.0, 0.0, 0.0, 0.0]
4241	[0.0, 0.0, 0.0, 1.0, 0.0, 0.0, 0.0]
4242	[0.0, 0.0, 0.0, 1.0, 0.0, 0.0, 0.0]
4243	[0.0, 0.0, 0.0, 1.0, 0.0, 0.0, 0.0]
4244	[0.0, 0.0, 0.0, 1.0, 0.0, 0.0, 0.0]
4245	[0.0, 0.0, 0.0, 1.0, 0.0, 0.0, 0.0]
4246	[0.0, 0.0, 0.0, 1.0, 0.0, 0.0, 0.0]
4247	[0.0, 0.0, 0.0, 1.0, 0.0, 0.0, 0.0]
4248	[0.0, 0.0, 0.0, 1.0, 0.0, 0.0, 0.0]
4249	[0.0, 0.0, 0.0, 1.0, 0.0, 0.0, 0.0]
4250	[0.0, 0.0, 0.0, 1.0, 0.0, 0.0, 0.0]
4251	[0.0, 0.0, 0.0, 1.0, 0.0, 0.0, 0.0]
4252	[0.0, 0.0, 0.0, 1.0, 0.0, 0.0, 0.0]
4253	[0.0, 0.0, 0.0, 1.0, 0.0, 0.0, 0.0]
4254	[0.0, 0.0, 0.0, 1.0, 0.0, 0.0, 0.0]
4255	[0.0, 0.0, 0.0, 1.0, 0.0, 0.0, 0.0]
4256	[0.0, 0.0, 0.0, 1.0, 0.0, 0.0, 0.0]
4257	[0.0, 0.0, 0.0, 1.0, 0.0, 0.0, 0.0]
4258	[0.0, 0.0, 0.0, 1.0, 0.0, 0.0, 0.0]
4259	[0.0, 0.0, 0.0, 1.0, 0.0, 0.0, 0.0]
4260	[0.0, 0.0, 0.0, 1.0, 0.0, 0.0, 0.0]
4261	[0.0, 0.0, 0.0, 1.0, 0.0, 0.0, 0.0]
4262	[0.0, 0.0, 0.0, 1.0, 0.0, 0.0, 0.0]
4263	[0.0, 0.0, 0.0, 1.0, 0.0, 0.0, 0.0]
4264	[0.0, 0.0, 0.0, 1.0, 0.0, 0.0, 0.0]
4265	[0.0, 0.0, 0.0, 1.0, 0.0, 0.0, 0.0]
4266	[0.0, 0.0, 0.0, 1.0, 0.0, 0.0, 0.0]
4267	[0.0, 0.0, 0.0, 1.0, 0.0, 0.0, 0.0]
4268	[0.0, 0.0, 0.0, 1.0, 0.0, 0.0, 0.0]
4269	[0.0, 0.0, 0.0, 1.0, 0.0, 0.0, 0.0]
4270	[0.0, 0.0, 0.0, 1.0, 0.0, 0.0, 0.0]
4271	[0.0, 0.0, 0.0, 1.0, 0.0, 0.0, 0.0]
4272	[0.0, 0.0, 0.0, 1.0, 0.0, 0.0, 0.0]
4273	[0.0, 0.0, 0.0, 1.0, 0.0, 0.0, 0.0]
4274	[0.0, 0.0, 0.0, 1.0, 0.0, 0.0, 0.0]
4275	[0.0, 0.0, 0.0, 1.0, 0.0, 0.0, 0.0]
4276	[0.0, 0.0, 0.0, 1.0, 0.0, 0.0, 0.0]
4277	[0.0, 0.0, 0.0, 1.0, 0.0, 0.0, 0.0]
4278	[0.0, 0.0, 0.0, 1.0, 0.0, 0.0, 0.0]
4279	[0.0, 0.0, 0.0, 1.0, 0.0, 0.0, 0.0]
4280	[0.0, 0.0, 0.0, 1.0, 0.0, 0.0, 0.0]
4281	[0.0, 0.0, 0.0, 1.0, 0.0, 0.0, 0.0]
4282	[0.0, 0.0, 0.0, 1.0, 0.0, 0.0, 0.0]
4283	[0.0, 0.0, 0.0, 1.0, 0.0, 0.0, 0.0]
4284	[0.0, 0.0, 0.0, 1.0, 0.0, 0.0, 0.0]
4285	[0.0, 0.0, 0.0, 1.0, 0.0, 0.0, 0.0]
4286	[0.0, 0.0, 0.0, 1.0, 0.0, 0.0, 0.0]
4287	[0.0, 0.0, 0.0, 1.0, 0.0, 0.0, 0.0]
4288	[0.0, 0.0, 0.0, 1.0, 0.0, 0.0, 0.0]
4289	[0.0, 0.0, 0.0, 1.0, 0.0, 0.0, 0.0]
4368	[0.0, 0.0, 0.0, 0.0, 1.0, 0.0, 0.0]
4369	[0.0, 0.0, 0.0, 0.0, 1.0, 0.0, 0.0]
4370	[0.0, 0.0, 0.0, 0.0, 1.0, 0.0, 0.0]
4371	[0.0, 0.0, 0.0, 0.0, 1.0, 0.0, 0.0]
4372	[0.0, 0.0, 0.0, 0.0, 1.0, 0.0, 0.0]
4373	[0.0, 0.0, 0.0, 0.0, 1.0, 0.0, 0.0]
4374	[0.0, 0.0, 0.0, 0.0, 1.0, 0.0, 0.0]
4375	[0.0, 0.0, 0.0, 0.0, 1.0, 0.0, 0.0]
4376	[0.0, 0.0, 0.0, 0.0, 1.0, 0.0, 0.0]
4377	[0.0, 0.0, 0.0, 0.0, 1.0, 0.0, 0.0]
4378	[0.0, 0.0, 0.0, 0.0, 1.0, 0.0, 0.0]
4379	[0.0, 0.0, 0.0, 0.0, 1.0, 0.0, 0.0]
4380	[0.0, 0.0, 0.0, 0.0, 1.0, 0.0, 0.0]
4381	[0.0, 0.0, 0.0, 0.0, 1.0, 0.0, 0.0]
4382	[0.0, 0.0, 0.0, 0.0, 1.0, 0.0, 0.0]
4383	[0.0, 0.0, 0.0, 0.0, 1.0, 0.0, 0.0]
4384	[0.0, 0.0, 0.0, 0.0, 1.0, 0.0, 0.0]
4385	[0.0, 0.0, 0.0, 0.0, 1.0, 0.0, 0.0]
4386	[0.0, 0.0, 0.0, 0.0, 1.0, 0.0, 0.0]
4387	[0.0, 0.0, 0.0, 0.0, 1.0, 0.0, 0.0]
4388	[0.0, 0.0, 0.0, 0.0, 1.0, 0.0, 0.0]
4389	[0.0, 0.0, 0.0, 0.0, 1.0, 0.0, 0.0]
4390	[0.0, 0.0, 0.0, 0.0, 1.0, 0.0, 0.0]
4391	[0.0, 0.0, 0.0, 0.0, 1.0, 0.0, 0.0]
4392	[0.0, 0.0, 0.0, 0.0, 1.0, 0.0, 0.0]
4393	[0.0, 0.0, 0.0, 0.0, 1.0, 0.0, 0.0]
4394	[0.0, 0.0, 0.0, 0.0, 1.0, 0.0, 0.0]
4395	[0.0, 0.0, 0.0, 0.0, 1.0, 0.0, 0.0]
4396	[0.0, 0.0, 0.0, 0.0, 1.0, 0.0, 0.0]
4397	[0.0, 0.0, 0.0, 0.0, 1.0, 0.0, 0.0]
4398	[0.0, 0.0, 0.0, 0.0, 1.0, 0.0, 0.0]
4399	[0.0, 0.0, 0.0, 0.0, 1.0, 0.0, 0.0]
4400	[0.0, 0.0, 0.0, 0.0, 1.0, 0.0, 0.0]
4401	[0.0, 0.0, 0.0, 0.0, 1.0, 0.0, 0.0]
4402	[0.0, 0.0, 0.0, 0.0, 1.0, 0.0, 0.0]
4403	[0.0, 0.0, 0.0, 0.0, 1.0, 0.0, 0.0]
4404	[0.0, 0.0, 0.0, 0.0, 1.0, 0.0, 0.0]
4405	[0.0, 0.0, 0.0, 0.0, 1.0, 0.0, 0.0]
4406	[0.0, 0.0, 0.0, 0.0, 1.0, 0.0, 0.0]
4407	[0.0, 0.0, 0.0, 0.0, 1.0, 0.0, 0.0]
4408	[0.0, 0.0, 0.0, 0.0, 1.0, 0.0, 0.0]
4409	[0.0, 0.0, 0.0, 0.0, 1.0, 0.0, 0.0]
4410	[0.0, 0.0, 0.0, 0.0, 1.0, 0.0, 0.0]
4411	[0.0, 0.0, 0.0, 0.0, 1.0, 0.0, 0.0]
4412	[0.0, 0.0, 0.0, 0.0, 1.0, 0.0, 0.0]
4413	[0.0, 0.0, 0.0, 0.0, 1.0, 0.0, 0.0]
4414	[0.0, 0.0, 0.0, 0.0, 1.0, 0.0, 0.0]
4415	[0.0, 0.0, 0.0, 0.0, 1.0, 0.0, 0.0]
4416	[0.0, 0.0, 0.0, 0.0, 1.0, 0.0, 0.0]
4417	[0.0, 0.0, 0.0, 0.0, 1.0, 0.0, 0.0]
4418	[0.0, 0.0, 0.0, 0.0, 1.0, 0.0, 0.0]
4419	[0.0, 0.0, 0.0, 0.0, 1.0, 0.0, 0.0]
4420	[0.0, 0.0, 0.0, 0.0, 1.0, 0.0, 0.0]
4421	[0.0, 0.0, 0.0, 0.0, 1.0, 0.0, 0.0]
4422	[0.0, 0.0, 0.0, 0.0, 1.0, 0.0, 0.0]
4423	[0.0, 0.0, 0.0, 0.0, 1.0, 0.0, 0.0]
4424	[0.0, 0.0, 0.0, 0.0, 1.0, 0.0, 0.0]
4425	[0.0, 0.0, 0.0, 0.0, 1.0, 0.0, 0.0]
4426	[0.0, 0.0, 0.0, 0.0, 1.0, 0.0, 0.0]
4427	[0.0, 0.0, 0.0, 0.0, 1.0, 0.0, 0.0]
4428	[0.0, 0.0, 0.0, 0.0, 1.0, 0.0, 0.0]
4429	[0.0, 0.0, 0.0, 0.0, 1.0, 0.0, 0.0]
4430	[0.0, 0.0, 0.0, 0.0, 1.0, 0.0, 0.0]
4431	[0.0, 0.0, 0.0, 0.0, 1.0, 0.0, 0.0]
4432	[0.0, 0.0, 0.0, 0.0, 1.0, 0.0, 0.0]
4433	[0.0, 0.0, 0.0, 0.0, 1.0, 0.0, 0.0]
4434	[0.0, 0.0, 0.0, 0.0, 1.0, 0.0, 0.0]
4435	[0.0, 0.0, 0.0, 0.0, 1.0, 0.0, 0.0]
4436	[0.0, 0.0, 0.0, 0.0, 1.0, 0.0, 0.0]
4437	[0.0, 0.0, 0.0, 0.0, 1.0, 0.0, 0.0]
4438	[0.0, 0.0, 0.0, 0.0, 1.0, 0.0, 0.0]
4439	[0.0, 0.0, 0.0, 0.0, 1.0, 0.0, 0.0]
4440	[0.0, 0.0, 0.0, 0.0, 1.0, 0.0, 0.0]
4441	[0.0, 0.0, 0.0, 0.0, 1.0, 0.0, 0.0]
4442	[0.0, 0.0, 0.0, 0.0, 1.0, 0.0, 0.0]
4443	[0.0, 0.0, 0.0, 0.0, 1.0, 0.0, 0.0]
4444	[0.0, 0.0, 0.0, 0.0, 1.0, 0.0, 0.0]
4445	[0.0, 0.0, 0.0, 0.0, 1.0, 0.0, 0.0]
4524	[0.0, 0.0, 0.0, 0.0, 0.0, 1.0, 0.0]
4525	[0.0, 0.0, 0.0, 0.0, 0.0, 1.0, 0.0]
4526	[0.0, 0.0, 0.0, 0.0, 0.0, 1.0, 0.0]
4527	[0.0, 0.0, 0.0, 0.0, 0.0, 1.0, 0.0]
4528	[0.0, 0.0, 0.0, 0.0, 0.0, 1.0, 0.0]
4529	[0.0, 0.0, 0.0, 0.0, 0.0, 1.0, 0.0]
4530	[0.0, 0.0, 0.0, 0.0, 0.0, 1.0, 0.0]
4531	[0.0, 0.0, 0.0, 0.0, 0.0, 1.0, 0.0]
4532	[0.0, 0.0, 0.0, 0.0, 0.0, 1.0, 0.0]
4533	[0.0, 0.0, 0.0, 0.0, 0.0, 1.0, 0.0]
4534	[0.0, 0.0, 0.0, 0.0, 0.0, 1.0, 0.0]
4535	[0.0, 0.0, 0.0, 0.0, 0.0, 1.0, 0.0]
4536	[0.0, 0.0, 0.0, 0.0, 0.0, 1.0, 0.0]
4537	[0.0, 0.0, 0.0, 0.0, 0.0, 1.0, 0.0]
4538	[0.0, 0.0, 0.0, 0.0, 0.0, 1.0, 0.0]
4539	[0.0, 0.0, 0.0, 0.0, 0.0, 1.0, 0.0]
4540	[0.0, 0.0, 0.0, 0.0, 0.0, 1.0, 0.0]
4541	[0.0, 0.0, 0.0, 0.0, 0.0, 1.0, 0.0]
4542	[0.0, 0.0, 0.0, 0.0, 0.0, 1.0, 0.0]
4543	[0.0, 0.0, 0.0, 0.0, 0.0, 1.0, 0.0]
4544	[0.0, 0.0, 0.0, 0.0, 0.0, 1.0, 0.0]
4545	[0.0, 0.0, 0.0, 0.0, 0.0, 1.0, 0.0]
4546	[0.0, 0.0, 0.0, 0.0, 0.0, 1.0, 0.0]
4547	[0.0, 0.0, 0.0, 0.0, 0.0, 1.0, 0.0]
4548	[0.0, 0.0, 0.0, 0.0, 0.0, 1.0, 0.0]
4549	[0.0, 0.0, 0.0, 0.0, 0.0, 1.0, 0.0]
4550	[0.0, 0.0, 0.0, 0.0, 0.0, 1.0, 0.0]
4551	[0.0, 0.0, 0.0, 0.0, 0.0, 1.0, 0.0]
4552	[0.0, 0.0, 0.0, 0.0, 0.0, 1.0, 0.0]
4553	[0.0, 0.0, 0.0, 0.0, 0.0, 1.0, 0.0]
4554	[0.0, 0.0, 0.0, 0.0, 0.0, 1.0, 0.0]
4555	[0.0, 0.0, 0.0, 0.0, 0.0, 1.0, 0.0]
4556	[0.0, 0.0, 0.0, 0.0, 0.0, 1.0, 0.0]
4557	[0.0, 0.0, 0.0, 0.0, 0.0, 1.0, 0.0]
4558	[0.0, 0.0, 0.0, 0.0, 0.0, 1.0, 0.0]
4559	[0.0, 0.0, 0.0, 0.0, 0.0, 1.0, 0.0]
4560	[0.0, 0.0, 0.0, 0.0, 0.0, 1.0, 0.0]
4561	[0.0, 0.0, 0.0, 0.0, 0.0, 1.0, 0.0]
4562	[0.0, 0.0, 0.0, 0.0, 0.0, 1.0, 0.0]
4563	[0.0, 0.0, 0.0, 0.0, 0.0, 1.0, 0.0]
4564	[0.0, 0.0, 0.0, 0.0, 0.0, 1.0, 0.0]
4565	[0.0, 0.0, 0.0, 0.0, 0.0, 1.0, 0.0]
4566	[0.0, 0.0, 0.0, 0.0, 0.0, 1.0, 0.0]
4567	[0.0, 0.0, 0.0, 0.0, 0.0, 1.0, 0.0]
4568	[0.0, 0.0, 0.0, 0.0, 0.0, 1.0, 0.0]
4569	[0.0, 0.0, 0.0, 0.0, 0.0, 1.0, 0.0]
4570	[0.0, 0.0, 0.0, 0.0, 0.0, 1.0, 0.0]
4571	[0.0, 0.0, 0.0, 0.0, 0.0, 1.0, 0.0]
4572	[0.0, 0.0, 0.0, 0.0, 0.0, 1.0, 0.0]
4573	[0.0, 0.0, 0.0, 0.0, 0.0, 1.0, 0.0]
4574	[0.0, 0.0, 0.0, 0.0, 0.0, 1.0, 0.0]
4575	[0.0, 0.0, 0.0, 0.0, 0.0, 1.0, 0.0]
4576	[0.0, 0.0, 0.0, 0.0, 0.0, 1.0, 0.0]
4577	[0.0, 0.0, 0.0, 0.0, 0.0, 1.0, 0.0]
4578	[0.0, 0.0, 0.0, 0.0, 0.0, 1.0, 0.0]
4579	[0.0, 0.0, 0.0, 0.0, 0.0, 1.0, 0.0]
4580	[0.0, 0.0, 0.0, 0.0, 0.0, 1.0, 0.0]
4581	[0.0, 0.0, 0.0, 0.0, 0.0, 1.0, 0.0]
4582	[0.0, 0.0, 0.0, 0.0, 0.0, 1.0, 0.0]
4583	[0.0, 0.0, 0.0, 0.0, 0.0, 1.0, 0.0]
4584	[0.0, 0.0, 0.0, 0.0, 0.0, 1.0, 0.0]
4585	[0.0, 0.0, 0.0, 0.0, 0.0, 1.0, 0.0]
4586	[0.0, 0.0, 0.0, 0.0, 0.0, 1.0, 0.0]
4587	[0.0, 0.0, 0.0, 0.0, 0.0, 1.0, 0.0]
4588	[0.0, 0.0, 0.0, 0.0, 0.0, 1.0, 0.0]
4589	[0.0, 0.0, 0.0, 0.0, 0.0, 1.0, 0.0]
4590	[0.0, 0.0, 0.0, 0.0, 0.0, 1.0, 0.0]
4591	[0.0, 0.0, 0.0, 0.0, 0.0, 1.0, 0.0]
4592	[0.0, 0.0, 0.0, 0.0, 0.0, 1.0, 0.0]
4593	[0.0, 0.0, 0.0, 0.0, 0.0, 1.0, 0.0]
4594	[0.0, 0.0, 0.0, 0.0, 0.0, 1.0, 0.0]
4595	[0.0, 0.0, 0.0, 0.0, 0.0, 1.0, 0.0]
4596	[0.0, 0.0, 0.0, 0.0, 0.0, 1.0, 0.0]
4597	[0.0, 0.0, 0.0, 0.0, 0.0, 1.0, 0.0]
4598	[0.0, 0.0, 0.0, 0.0, 0.0, 1.0, 0.0]
4599	[0.0, 0.0, 0.0, 0.0, 0.0, 1.0, 0.0]
4600	[0.0, 0.0, 0.0, 0.0, 0.0, 1.0, 0.0]
4601	[0.0, 0.0, 0.0, 0.0, 0.0, 1.0, 0.0]
4602	[0.0, 0.0, 0.0, 0.0, 0.0, 0.0, 1.0]
4603	[0.0, 0.0, 0.0, 0.0, 0.0, 0.0, 1.0]
4604	[0.0, 0.0, 0.0, 0.0, 0.0, 0.0, 1.0]
4605	[0.0, 0.0, 0.0, 0.0, 0.0, 0.0, 1.0]
4606	[0.0, 0.0, 0.0, 0.0, 0.0, 0.0, 1.0]
4607	[0.0, 0.0, 0.0, 0.0, 0.0, 0.0, 1.0]
4608	[0.0, 0.0, 0.0, 0.0, 0.0, 0.0, 1.0]
4609	[0.0, 0.0, 0.0, 0.0, 0.0, 0.0, 1.0]
4610	[0.0, 0.0, 0.0, 0.0, 0.0, 0.0, 1.0]
4611	[0.0, 0.0, 0.0, 0.0, 0.0, 0.0, 1.0]
4612	[0.0, 0.0, 0.0, 0.0, 0.0, 0.0, 1.0]
4613	[0.0, 0.0, 0.0, 0.0, 0.0, 0.0, 1.0]
4614	[0.0, 0.0, 0.0, 0.0, 0.0, 0.0, 1.0]
4615	[0.0, 0.0, 0.0, 0.0, 0.0, 0.0, 1.0]
4616	[0.0, 0.0, 0.0, 0.0, 0.0, 0.0, 1.0]
4617	[0.0, 0.0, 0.0, 0.0, 0.0, 0.0, 1.0]
4618	[0.0, 0.0, 0.0, 0.0, 0.0, 0.0, 1.0]
4619	[0.0, 0.0, 0.0, 0.0, 0.0, 0.0, 1.0]
4620	[0.0, 0.0, 0.0, 0.0, 0.0, 0.0, 1.0]
4621	[0.0, 0.0, 0.0, 0.0, 0.0, 0.0, 1.0]
4622	[0.0, 0.0, 0.0, 0.0, 0.0, 0.0, 1.0]
4623	[0.0, 0.0, 0.0, 0.0, 0.0, 0.0, 1.0]
4624	[0.0, 0.0, 0.0, 0.0, 0.0, 0.0, 1.0]
4625	[0.0, 0.0, 0.0, 0.0, 0.0, 0.0, 1.0]
4626	[0.0, 0.0, 0.0, 0.0, 0.0, 0.0, 1.0]
4627	[0.0, 0.0, 0.0, 0.0, 0.0, 0.0, 1.0]
4628	[0.0, 0.0, 0.0, 0.0, 0.0, 0.0, 1.0]
4629	[0.0, 0.0, 0.0, 0.0, 0.0, 0.0, 1.0]
4630	[0.0, 0.0, 0.0, 0.0, 0.0, 0.0, 1.0]
4631	[0.0, 0.0, 0.0, 0.0, 0.0, 0.0, 1.0]
4632	[0.0, 0.0, 0.0, 0.0, 0.0, 0.0, 1.0]
4633	[0.0, 0.0, 0.0, 0.0, 0.0, 0.0, 1.0]
4634	[0.0, 0.0, 0.0, 0.0, 0.0, 0.0, 1.0]
4635	[0.0, 0.0, 0.0, 0.0, 0.0, 0.0, 1.0]
4636	[0.0, 0.0, 0.0, 0.0, 0.0, 0.0, 1.0]
4637	[0.0, 0.0, 0.0, 0.0, 0.0, 0.0, 1.0]
4638	[0.0, 0.0, 0.0, 0.0, 0.0, 0.0, 1.0]
4639	[0.0, 0.0, 0.0, 0.0, 0.0, 0.0, 1.0]
4640	[0.0, 0.0, 0.0, 0.0, 0.0, 0.0, 1.0]
4641	[0.0, 0.0, 0.0, 0.0, 0.0, 0.0, 1.0]
4642	[0.0, 0.0, 0.0, 0.0, 0.0, 0.0, 1.0]
4643	[0.0, 0.0, 0.0, 0.0, 0.0, 0.0, 1.0]
4644	[0.0, 0.0, 0.0, 0.0, 0.0, 0.0, 1.0]
4645	[0.0, 0.0, 0.0, 0.0, 0.0, 0.0, 1.0]
4646	[0.0, 0.0, 0.0, 0.0, 0.0, 0.0, 1.0]
4647	[0.0, 0.0, 0.0, 0.0, 0.0, 0.0, 1.0]
4648	[0.0, 0.0, 0.0, 0.0, 0.0, 0.0, 1.0]
4649	[0.0, 0.0, 0.0, 0.0, 0.0, 0.0, 1.0]
4650	[0.0, 0.0, 0.0, 0.0, 0.0, 0.0, 1.0]
4651	[0.0, 0.0, 0.0, 0.0, 0.0, 0.0, 1.0]
4652	[0.0, 0.0, 0.0, 0.0, 0.0, 0.0, 1.0]
4653	[0.0, 0.0, 0.0, 0.0, 0.0, 0.0, 1.0]
4654	[0.0, 0.0, 0.0, 0.0, 0.0, 0.0, 1.0]
4655	[0.0, 0.0, 0.0, 0.0, 0.0, 0.0, 1.0]
4656	[0.0, 0.0, 0.0, 0.0, 0.0, 0.0, 1.0]
4657	[0.0, 0.0, 0.0, 0.0, 0.0, 0.0, 1.0]
4658	[0.0, 0.0, 0.0, 0.0, 0.0, 0.0, 1.0]
4659	[0.0, 0.0, 0.0, 0.0, 0.0, 0.0, 1.0]
4660	[0.0, 0.0, 0.0, 0.0, 0.0, 0.0, 1.0]
4661	[0.0, 0.0, 0.0, 0.0, 0.0, 0.0, 1.0]
4662	[0.0, 0.0, 0.0, 0.0, 0.0, 0.0, 1.0]
4663	[0.0, 0.0, 0.0, 0.0, 0.0, 0.0, 1.0]
4664	[0.0, 0.0, 0.0, 0.0, 0.0, 0.0, 1.0]
4665	[0.0, 0.0, 0.0, 0.0, 0.0, 0.0, 1.0]
4666	[0.0, 0.0, 0.0, 0.0, 0.0, 0.0, 1.0]
4667	[0.0, 0.0, 0.0, 0.0, 0.0, 0.0, 1.0]
4668	[0.0, 0.0, 0.0, 0.0, 0.0, 0.0, 1.0]
4669	[0.0, 0.0, 0.0, 0.0, 0.0, 0.0, 1.0]
4670	[0.0, 0.0, 0.0, 0.0, 0.0, 0.0, 1.0]
4671	[0.0, 0.0, 0.0, 0.0, 0.0, 0.0, 1.0]
4672	[0.0, 0.0, 0.0, 0.0, 0.0, 0.0, 1.0]
4673	[0.0, 0.0, 0.0, 0.0, 0.0, 0.0, 1.0]
4674	[0.0, 0.0, 0.0, 0.0, 0.0, 0.0, 1.0]
4675	[0.0, 0.0, 0.0, 0.0, 0.0, 0.0, 1.0]
4676	[0.0, 0.0, 0.0, 0.0, 0.0, 0.0, 1.0]
4677	[0.0, 0.0, 0.0, 0.0, 0.0, 0.0, 1.0]
4678	[0.0, 0.0, 0.0, 0.0, 0.0, 0.0, 1.0]
4679	[0.0, 0.0, 0.0, 0.0, 0.0, 0.0, 1.0]
